TIPO,ESTRATO ,CONSUMO JULIO 2020,CONSUMO AGOSTO 2020.,CONSUMO SEPTIEMBRE 2020.,CONSUMO OCTUBRE 2020.,CONSUMO NOVIEM 2020.,CONSUMO DICIEMBRE 2020.,PROMEDIO
RESIDENCIAL,ESTRATO 1,30,1,1,3,3,23,10.16666667
RESIDENCIAL,ESTRATO 2,0,0,1,0,2,0,0.5
RESIDENCIAL,ESTRATO 2,31,10,8,19,8,46,20.33333333
RESIDENCIAL,ESTRATO 2,14,9,8,26,5,19,13.5
RESIDENCIAL,ESTRATO 2,39,22,0,0,0,6,11.16666667
RESIDENCIAL,ESTRATO 2,3,2,3,3,2,3,2.666666667
RESIDENCIAL,ESTRATO 2,28,6,6,7,6,1,9
RESIDENCIAL,ESTRATO 2,11,7,11,15,7,13,10.66666667
RESIDENCIAL,ESTRATO 2,33,23,29,39,28,48,33.33333333
RESIDENCIAL,ESTRATO 2,5,2,2,6,2,8,4.166666667
RESIDENCIAL,ESTRATO 2,18,9,19,19,19,15,16.5
RESIDENCIAL,ESTRATO 2,36,2,1,21,2,18,13.33333333
RESIDENCIAL,ESTRATO 2,33,22,26,33,24,27,27.5
RESIDENCIAL,ESTRATO 2,13,7,12,13,11,4,10
RESIDENCIAL,ESTRATO 2,22,34,61,62,39,40,43
RESIDENCIAL,ESTRATO 2,23,16,23,26,22,29,23.16666667
RESIDENCIAL,ESTRATO 2,48,30,35,41,31,35,36.66666667
RESIDENCIAL,ESTRATO 2,1,4,9,16,14,15,9.833333333
RESIDENCIAL,ESTRATO 2,32,23,23,28,24,24,25.66666667
RESIDENCIAL,ESTRATO 2,26,17,31,29,21,19,23.83333333
RESIDENCIAL,ESTRATO 2,19,7,8,11,5,10,10
RESIDENCIAL,ESTRATO 1,40,27,40,41,30,30,34.66666667
RESIDENCIAL,ESTRATO 2,20,4,5,1,6,0,6
RESIDENCIAL,ESTRATO 3,9,16,20,30,18,53,24.33333333
RESIDENCIAL,ESTRATO 3,9,6,8,8,9,11,8.5
RESIDENCIAL,ESTRATO 3,34,25,43,52,49,77,46.66666667
RESIDENCIAL,ESTRATO 2,1,42,32,2,58,28,27.16666667
RESIDENCIAL,ESTRATO 2,22,14,15,45,29,39,27.33333333
RESIDENCIAL,ESTRATO 2,41,28,34,74,66,123,61
RESIDENCIAL,ESTRATO 2,31,22,27,47,59,59,40.83333333
RESIDENCIAL,ESTRATO 2,5,14,14,10,1,30,12.33333333
RESIDENCIAL,ESTRATO 2,5,3,2,2,4,0,2.666666667
RESIDENCIAL,ESTRATO 2,6,45,26,11,25,20,22.16666667
RESIDENCIAL,ESTRATO 1,1,124,37,48,28,22,43.33333333
RESIDENCIAL,ESTRATO 1,9,5,16,11,10,9,10
RESIDENCIAL,ESTRATO 2,31,1,55,47,1,103,39.66666667
RESIDENCIAL,ESTRATO 3,35,1,9,18,14,27,17.33333333
RESIDENCIAL,ESTRATO 3,33,24,30,37,25,33,30.33333333
RESIDENCIAL,ESTRATO 3,23,17,13,27,18,18,19.33333333
RESIDENCIAL,ESTRATO 3,41,29,33,35,31,43,35.33333333
RESIDENCIAL,ESTRATO 3,41,14,64,48,35,52,42.33333333
RESIDENCIAL,ESTRATO 3,12,9,12,13,9,13,11.33333333
RESIDENCIAL,ESTRATO 3,9,1,34,34,23,4,17.5
RESIDENCIAL,ESTRATO 3,24,27,25,28,27,32,27.16666667
RESIDENCIAL,ESTRATO 2,16,10,17,15,18,26,17
RESIDENCIAL,ESTRATO 2,14,10,10,12,6,11,10.5
RESIDENCIAL,ESTRATO 2,21,14,20,23,17,25,20
RESIDENCIAL,ESTRATO 2,11,24,19,21,12,24,18.5
RESIDENCIAL,ESTRATO 2,7,6,7,7,3,13,7.166666667
RESIDENCIAL,ESTRATO 2,12,8,10,14,10,11,10.83333333
RESIDENCIAL,ESTRATO 2,30,20,21,29,29,39,28
RESIDENCIAL,ESTRATO 1,77,44,99,118,67,122,87.83333333
RESIDENCIAL,ESTRATO 2,13,8,10,13,10,10,10.66666667
RESIDENCIAL,ESTRATO 2,13,9,1,23,9,0,9.166666667
RESIDENCIAL,ESTRATO 2,30,19,33,31,22,30,27.5
RESIDENCIAL,ESTRATO 2,20,14,17,21,17,31,20
RESIDENCIAL,ESTRATO 2,22,1,0,4,0,4,5.166666667
RESIDENCIAL,ESTRATO 2,27,14,15,15,16,19,17.66666667
RESIDENCIAL,ESTRATO 2,91,112,105,45,36,34,70.5
RESIDENCIAL,ESTRATO 2,4,1,10,2,2,14,5.5
RESIDENCIAL,ESTRATO 1,19,20,25,23,13,23,20.5
RESIDENCIAL,ESTRATO 2,36,20,35,33,24,32,30
RESIDENCIAL,ESTRATO 2,14,10,20,29,19,27,19.83333333
RESIDENCIAL,ESTRATO 3,35,19,40,65,52,61,45.33333333
RESIDENCIAL,ESTRATO 2,20,23,38,56,42,49,38
RESIDENCIAL,ESTRATO 2,12,10,14,18,12,17,13.83333333
RESIDENCIAL,ESTRATO 2,33,27,22,20,10,33,24.16666667
RESIDENCIAL,ESTRATO 2,32,19,27,30,27,33,28
RESIDENCIAL,ESTRATO 2,26,42,30,5,56,0,26.5
RESIDENCIAL,ESTRATO 2,6,3,4,5,3,5,4.333333333
RESIDENCIAL,ESTRATO 2,51,37,54,52,31,50,45.83333333
RESIDENCIAL,ESTRATO 2,9,5,8,10,6,9,7.833333333
RESIDENCIAL,ESTRATO 2,5,3,4,6,10,5,5.5
RESIDENCIAL,ESTRATO 2,11,8,12,15,11,15,12
RESIDENCIAL,ESTRATO 2,17,8,6,9,6,11,9.5
RESIDENCIAL,ESTRATO 2,12,11,16,20,9,22,15
RESIDENCIAL,ESTRATO 2,1,2,1,1,0,2,1.166666667
RESIDENCIAL,ESTRATO 2,11,8,7,10,12,8,9.333333333
RESIDENCIAL,ESTRATO 2,3,1,6,3,2,2,2.833333333
RESIDENCIAL,ESTRATO 2,1,5,9,16,19,28,13
RESIDENCIAL,ESTRATO 2,36,29,31,37,32,9,29
RESIDENCIAL,ESTRATO 2,21,18,20,17,12,21,18.16666667
RESIDENCIAL,ESTRATO 2,18,69,5,6,0,0,16.33333333
RESIDENCIAL,ESTRATO 2,41,18,40,31,48,52,38.33333333
RESIDENCIAL,ESTRATO 2,14,15,14,23,14,27,17.83333333
RESIDENCIAL,ESTRATO 2,16,9,12,12,5,3,9.5
RESIDENCIAL,ESTRATO 2,45,19,38,79,42,168,65.16666667
RESIDENCIAL,ESTRATO 2,34,28,63,68,53,58,50.66666667
RESIDENCIAL,ESTRATO 3,35,15,27,5,71,0,25.5
RESIDENCIAL,ESTRATO 2,10,7,12,13,8,10,10
RESIDENCIAL,ESTRATO 2,29,19,23,68,0,21,26.66666667
RESIDENCIAL,ESTRATO 2,34,29,29,30,53,0,29.16666667
RESIDENCIAL,ESTRATO 2,23,13,18,24,15,18,18.5
RESIDENCIAL,ESTRATO 2,24,13,19,11,16,3,14.33333333
RESIDENCIAL,ESTRATO 2,10,8,13,15,10,18,12.33333333
RESIDENCIAL,ESTRATO 2,15,13,12,18,11,16,14.16666667
RESIDENCIAL,ESTRATO 2,10,6,3,0,0,3,3.666666667
RESIDENCIAL,ESTRATO 3,5,2,8,19,12,9,9.166666667
RESIDENCIAL,ESTRATO 2,12,9,11,11,9,40,15.33333333
RESIDENCIAL,ESTRATO 3,0,3,5,1,1,0,1.666666667
RESIDENCIAL,ESTRATO 3,27,16,22,27,10,12,19
RESIDENCIAL,ESTRATO 3,14,11,12,14,13,13,12.83333333
RESIDENCIAL,ESTRATO 2,18,13,17,39,0,8,15.83333333
RESIDENCIAL,ESTRATO 4,27,26,34,50,34,43,35.66666667
RESIDENCIAL,ESTRATO 4,3,1,2,3,2,3,2.333333333
RESIDENCIAL,ESTRATO 3,12,8,20,7,0,2,8.166666667
RESIDENCIAL,ESTRATO 3,12,10,19,25,23,0,14.83333333
RESIDENCIAL,ESTRATO 3,2,2,7,9,7,7,5.666666667
RESIDENCIAL,ESTRATO 2,29,26,38,32,19,23,27.83333333
RESIDENCIAL,ESTRATO 3,32,25,34,41,32,36,33.33333333
RESIDENCIAL,ESTRATO 3,27,18,25,23,10,40,23.83333333
RESIDENCIAL,ESTRATO 2,29,21,25,27,20,27,24.83333333
RESIDENCIAL,ESTRATO 2,15,9,12,15,0,23,12.33333333
RESIDENCIAL,ESTRATO 2,6,3,6,6,4,5,5
RESIDENCIAL,ESTRATO 1.0,25,16,20,27,4,38,21.66666667
RESIDENCIAL,ESTRATO 1.0,3,2,3,3,10,0,3.5
RESIDENCIAL,ESTRATO 3,24,21,23,32,21,29,25
RESIDENCIAL,ESTRATO 3,92,62,53,74,0,52,55.5
RESIDENCIAL,ESTRATO 2,16,13,13,17,10,11,13.33333333
RESIDENCIAL,ESTRATO 2,10,5,9,8,7,8,7.833333333
RESIDENCIAL,ESTRATO 2,4,30,19,21,10,13,16.16666667
RESIDENCIAL,ESTRATO 2,2,1,2,2,1,3,1.833333333
RESIDENCIAL,ESTRATO 2,14,9,12,15,20,1,11.83333333
RESIDENCIAL,ESTRATO 3,32,21,28,35,19,41,29.33333333
RESIDENCIAL,ESTRATO 3,16,11,24,35,20,29,22.5
RESIDENCIAL,ESTRATO 2,1,1,3,4,10,13,5.333333333
RESIDENCIAL,ESTRATO 2,16,11,19,26,18,18,18
RESIDENCIAL,ESTRATO 3,0,0,1,1,1,1,0.6666666667
RESIDENCIAL,ESTRATO 3,0,0,11,9,3,3,4.333333333
RESIDENCIAL,ESTRATO 2,0,0,0,0,0,0,0
RESIDENCIAL,ESTRATO 3,83,13,31,45,23,35,38.33333333
RESIDENCIAL,ESTRATO 2,17,12,13,17,14,27,16.66666667
RESIDENCIAL,ESTRATO 3,29,1,1,0,0,0,5.166666667
RESIDENCIAL,ESTRATO 3,35,25,28,41,35,33,32.83333333
RESIDENCIAL,ESTRATO 3,39,23,30,52,37,44,37.5
RESIDENCIAL,ESTRATO 3,15,9,17,22,21,16,16.66666667
RESIDENCIAL,ESTRATO 4,23,6,36,25,21,32,23.83333333
RESIDENCIAL,ESTRATO 3,0,1,0,0,1,0,0.3333333333
RESIDENCIAL,ESTRATO 3,0,0,0,0,0,0,0
RESIDENCIAL,ESTRATO 3,109,9,11,18,11,18,29.33333333
RESIDENCIAL,ESTRATO 3,13,8,16,27,20,13,16.16666667
RESIDENCIAL,ESTRATO 3,13,0,1,27,15,9,10.83333333
RESIDENCIAL,ESTRATO 3,24,16,21,24,19,26,21.66666667
RESIDENCIAL,ESTRATO 4,0,0,0,0,0,0,0
RESIDENCIAL,ESTRATO 3,0,0,0,0,0,0,0
RESIDENCIAL,ESTRATO 4,27,21,21,13,18,15,19.16666667
RESIDENCIAL,ESTRATO 3,0,0,0,1,5,0,1
RESIDENCIAL,ESTRATO 3,33,21,32,35,21,24,27.66666667
RESIDENCIAL,ESTRATO 3,14,6,9,11,8,11,9.833333333
RESIDENCIAL,ESTRATO 3,0,1,1,1,1,1,0.8333333333
RESIDENCIAL,ESTRATO 3,8,4,11,19,16,14,12
RESIDENCIAL,ESTRATO 4,2,2,2,4,4,14,4.666666667
RESIDENCIAL,ESTRATO 4,0,1,1,0,0,0,0.3333333333
RESIDENCIAL,ESTRATO 3,16,19,21,18,21,13,18
RESIDENCIAL,ESTRATO 3,41,33,23,40,32,39,34.66666667
RESIDENCIAL,ESTRATO 3,31,21,31,33,27,34,29.5
RESIDENCIAL,ESTRATO 3,16,11,15,18,9,16,14.16666667
RESIDENCIAL,ESTRATO 3,26,14,22,28,16,8,19
RESIDENCIAL,ESTRATO 3,0,0,1,0,1,3,0.8333333333
RESIDENCIAL,ESTRATO 2,35,25,28,28,23,28,27.83333333
RESIDENCIAL,ESTRATO 2,28,14,15,17,12,20,17.66666667
RESIDENCIAL,ESTRATO 1,16,9,8,11,1,31,12.66666667
RESIDENCIAL,ESTRATO 3,24,15,21,24,18,22,20.66666667
RESIDENCIAL,ESTRATO 3,38,21,28,28,25,24,27.33333333
RESIDENCIAL,ESTRATO 3,2,2,6,7,4,8,4.833333333
RESIDENCIAL,ESTRATO 3,6,5,6,18,9,10,9
RESIDENCIAL,ESTRATO 3,16,12,13,18,16,22,16.16666667
RESIDENCIAL,ESTRATO 3,0,11,2,0,11,17,6.833333333
RESIDENCIAL,ESTRATO 2,1,0,0,0,0,0,0.1666666667
RESIDENCIAL,ESTRATO 3,0,1,13,1,0,1,2.666666667
RESIDENCIAL,ESTRATO 3,7,43,25,28,22,25,25
RESIDENCIAL,ESTRATO 3,12,8,12,16,13,24,14.16666667
RESIDENCIAL,ESTRATO 3,24,14,16,1,17,22,15.66666667
RESIDENCIAL,ESTRATO 2,83,43,57,75,42,32,55.33333333
RESIDENCIAL,ESTRATO 2,1,1,3,3,1,6,2.5
RESIDENCIAL,ESTRATO 2,4,3,4,5,2,6,4
RESIDENCIAL,ESTRATO 2,23,15,17,20,18,21,19
RESIDENCIAL,ESTRATO 2,13,8,10,15,8,11,10.83333333
RESIDENCIAL,ESTRATO 3,42,26,31,33,29,30,31.83333333
RESIDENCIAL,ESTRATO 2,15,15,17,7,7,4,10.83333333
RESIDENCIAL,ESTRATO 2,13,6,10,18,7,21,12.5
RESIDENCIAL,ESTRATO 2,22,11,27,27,15,25,21.16666667
RESIDENCIAL,ESTRATO 2,65,49,58,86,58,76,65.33333333
RESIDENCIAL,ESTRATO 2,20,9,13,15,15,17,14.83333333
RESIDENCIAL,ESTRATO 2,31,18,20,25,12,0,17.66666667
RESIDENCIAL,ESTRATO 1,55,32,36,34,43,14,35.66666667
RESIDENCIAL,ESTRATO 2,14,6,10,11,8,12,10.16666667
RESIDENCIAL,ESTRATO 2,30,36,65,79,0,0,35
RESIDENCIAL,ESTRATO 2,13,11,18,15,8,19,14
RESIDENCIAL,ESTRATO 2,32,20,30,31,13,97,37.16666667
RESIDENCIAL,ESTRATO 2,17,12,18,23,13,16,16.5
RESIDENCIAL,ESTRATO 2,3,1,2,1,4,15,4.333333333
RESIDENCIAL,ESTRATO 2,88,46,63,11,114,66,64.66666667
RESIDENCIAL,ESTRATO 2,6,8,11,4,22,16,11.16666667
RESIDENCIAL,ESTRATO 2,36,24,26,35,27,44,32
RESIDENCIAL,ESTRATO 2,38,28,23,18,16,8,21.83333333
RESIDENCIAL,ESTRATO 2,63,42,58,71,35,94,60.5
RESIDENCIAL,ESTRATO 2,0,0,15,0,0,0,2.5
RESIDENCIAL,ESTRATO 2,3,2,3,2,2,1,2.166666667
RESIDENCIAL,ESTRATO 4,12,6,10,15,12,10,10.83333333
RESIDENCIAL,ESTRATO 2,7,4,7,9,7,5,6.5
RESIDENCIAL,ESTRATO 2,4,2,4,4,3,1,3
RESIDENCIAL,ESTRATO 2,37,28,28,35,20,26,29
RESIDENCIAL,ESTRATO 2,25,15,21,30,1,0,15.33333333
RESIDENCIAL,ESTRATO 4,47,33,50,65,118,0,52.16666667
RESIDENCIAL,ESTRATO 4,16,9,16,13,9,15,13
RESIDENCIAL,ESTRATO 4,69,39,70,79,61,80,66.33333333
RESIDENCIAL,ESTRATO 3,4,3,6,11,7,21,8.666666667
RESIDENCIAL,ESTRATO 3,52,37,49,40,35,34,41.16666667
RESIDENCIAL,ESTRATO 3,16,8,0,36,15,21,16
RESIDENCIAL,ESTRATO 3,7,4,6,7,6,6,6
RESIDENCIAL,ESTRATO 4,52,16,31,24,31,12,27.66666667
RESIDENCIAL,ESTRATO 3,1,0,4,2,0,1,1.333333333
RESIDENCIAL,ESTRATO 4,0,0,13,21,13,20,11.16666667
RESIDENCIAL,ESTRATO 3,17,13,25,40,40,33,28
RESIDENCIAL,ESTRATO 3,89,47,70,65,40,27,56.33333333
RESIDENCIAL,ESTRATO 3,5,4,6,10,0,0,4.166666667
RESIDENCIAL,ESTRATO 4,31,21,36,30,11,2,21.83333333
RESIDENCIAL,ESTRATO 4,17,14,38,43,34,42,31.33333333
RESIDENCIAL,ESTRATO 3,15,2,25,15,12,14,13.83333333
RESIDENCIAL,ESTRATO 2,4,2,3,3,3,3,3
RESIDENCIAL,ESTRATO 2,8,5,7,9,7,10,7.666666667
RESIDENCIAL,ESTRATO 1,25,16,28,25,18,24,22.66666667
RESIDENCIAL,ESTRATO 2,5,8,9,9,6,18,9.166666667
RESIDENCIAL,ESTRATO 2,30,16,23,27,19,28,23.83333333
RESIDENCIAL,ESTRATO 2,21,18,27,29,16,2,18.83333333
RESIDENCIAL,ESTRATO 3,26,0,43,21,16,20,21
RESIDENCIAL,ESTRATO 3,87,30,10,7,11,240,64.16666667
RESIDENCIAL,ESTRATO 3,0,0,0,0,0,0,0
RESIDENCIAL,ESTRATO 3,1,0,1,1,4,0,1.166666667
RESIDENCIAL,ESTRATO 2,49,26,46,53,38,50,43.66666667
RESIDENCIAL,ESTRATO 2,0,0,1,5,2,1,1.5
RESIDENCIAL,ESTRATO 4,32,22,31,39,27,37,31.33333333
RESIDENCIAL,ESTRATO 2,12,7,12,26,19,21,16.16666667
RESIDENCIAL,ESTRATO 2,12,8,12,15,8,15,11.66666667
RESIDENCIAL,ESTRATO 3,21,7,38,51,37,26,30
RESIDENCIAL,ESTRATO 3,30,81,7,2,0,20,23.33333333
RESIDENCIAL,ESTRATO 4,73,50,80,93,54,82,72
RESIDENCIAL,ESTRATO 3,23,11,18,36,34,79,33.5
RESIDENCIAL,ESTRATO 3,7,7,6,7,5,18,8.333333333
RESIDENCIAL,ESTRATO 3,0,0,1,22,15,24,10.33333333
RESIDENCIAL,ESTRATO 4,20,8,15,13,0,55,18.5
RESIDENCIAL,ESTRATO 3,18,10,18,28,57,0,21.83333333
RESIDENCIAL,ESTRATO 3,9,5,7,8,8,12,8.166666667
RESIDENCIAL,ESTRATO 2,18,11,14,17,18,20,16.33333333
RESIDENCIAL,ESTRATO 2,17,10,16,70,0,0,18.83333333
RESIDENCIAL,ESTRATO 4,6,3,6,3,7,5,5
RESIDENCIAL,ESTRATO 4,3,1,7,6,12,8,6.166666667
RESIDENCIAL,ESTRATO 4,4,3,4,5,3,2,3.5
RESIDENCIAL,ESTRATO 4,4,5,4,5,2,3,3.833333333
RESIDENCIAL,ESTRATO 4,7,3,5,6,2,5,4.666666667
RESIDENCIAL,ESTRATO 4,10,6,7,14,9,10,9.333333333
RESIDENCIAL,ESTRATO 3,0,0,9,1,20,12,7
RESIDENCIAL,ESTRATO 3,0,1,0,0,1,0,0.3333333333
RESIDENCIAL,ESTRATO 3,54,20,22,22,24,32,29
RESIDENCIAL,ESTRATO 3,10,5,7,5,6,4,6.166666667
RESIDENCIAL,ESTRATO 3,16,3,8,6,5,6,7.333333333
RESIDENCIAL,ESTRATO 4,9,5,8,4,4,4,5.666666667
RESIDENCIAL,ESTRATO 4,21,11,14,20,15,11,15.33333333
RESIDENCIAL,ESTRATO 3,30,10,16,16,1,32,17.5
RESIDENCIAL,ESTRATO 3,12,8,9,10,11,10,10
RESIDENCIAL,ESTRATO 3,2,2,2,6,3,1,2.666666667
RESIDENCIAL,ESTRATO 3,0,6,0,8,10,0,4
RESIDENCIAL,ESTRATO 3,9,12,16,21,12,24,15.66666667
RESIDENCIAL,ESTRATO 3,41,26,32,24,22,33,29.66666667
RESIDENCIAL,ESTRATO 3,4,4,5,5,4,10,5.333333333
RESIDENCIAL,ESTRATO 3,12,6,20,21,6,18,13.83333333
RESIDENCIAL,ESTRATO 3,15,9,14,18,15,20,15.16666667
RESIDENCIAL,ESTRATO 3,0,0,0,0,5,28,5.5
RESIDENCIAL,ESTRATO 4,103,59,80,89,63,78,78.66666667
RESIDENCIAL,ESTRATO 4,7,4,6,8,7,8,6.666666667
RESIDENCIAL,ESTRATO 2,6,3,6,9,0,28,8.666666667
RESIDENCIAL,ESTRATO 2,13,9,15,18,11,0,11
RESIDENCIAL,ESTRATO 3,15,16,16,12,0,7,11
RESIDENCIAL,ESTRATO 3,14,18,11,24,12,25,17.33333333
RESIDENCIAL,ESTRATO 2,50,32,43,15,58,39,39.5
RESIDENCIAL,ESTRATO 3,23,17,15,22,17,69,27.16666667
RESIDENCIAL,ESTRATO 2,28,24,27,32,19,24,25.66666667
RESIDENCIAL,ESTRATO 2,11,9,8,15,8,12,10.5
RESIDENCIAL,ESTRATO 2,27,23,28,37,19,35,28.16666667
RESIDENCIAL,ESTRATO 2,23,16,17,23,12,30,20.16666667
RESIDENCIAL,ESTRATO 2,28,41,57,95,56,121,66.33333333
RESIDENCIAL,ESTRATO 2,71,78,9,23,12,30,37.16666667
RESIDENCIAL,ESTRATO 2,22,15,17,14,12,19,16.5
RESIDENCIAL,ESTRATO 2,13,8,10,11,8,22,12
RESIDENCIAL,ESTRATO 2,5,40,21,26,14,32,23
RESIDENCIAL,ESTRATO 2,22,33,51,32,33,102,45.5
RESIDENCIAL,ESTRATO 2,18,12,13,16,8,19,14.33333333
RESIDENCIAL,ESTRATO 2,21,16,15,16,8,29,17.5
RESIDENCIAL,ESTRATO 2,71,41,51,66,34,62,54.16666667
RESIDENCIAL,ESTRATO 2,7,15,19,10,5,23,13.16666667
RESIDENCIAL,ESTRATO 2,4,2,2,2,2,3,2.5
RESIDENCIAL,ESTRATO 2,12,18,10,13,9,35,16.16666667
RESIDENCIAL,ESTRATO 2,12,11,8,7,4,13,9.166666667
RESIDENCIAL,ESTRATO 2,25,22,33,38,18,28,27.33333333
RESIDENCIAL,ESTRATO 3,84,54,64,59,42,74,62.83333333
RESIDENCIAL,ESTRATO 2,14,9,10,17,3,38,15.16666667
RESIDENCIAL,ESTRATO 2,6,5,9,8,4,7,6.5
RESIDENCIAL,ESTRATO 2,31,22,24,22,15,30,24
RESIDENCIAL,ESTRATO 2,19,22,24,26,8,25,20.66666667
RESIDENCIAL,ESTRATO 2,18,32,11,14,8,18,16.83333333
RESIDENCIAL,ESTRATO 2,7,6,6,6,8,2,5.833333333
RESIDENCIAL,ESTRATO 2,29,25,24,30,16,37,26.83333333
RESIDENCIAL,ESTRATO 2,8,5,4,1,3,6,4.5
RESIDENCIAL,ESTRATO 2,8,22,26,34,18,43,25.16666667
RESIDENCIAL,ESTRATO 2,30,29,31,25,15,34,27.33333333
RESIDENCIAL,ESTRATO 2,21,19,22,21,11,38,22
RESIDENCIAL,ESTRATO 2,5,3,5,5,2,12,5.333333333
RESIDENCIAL,ESTRATO 2,16,13,14,17,9,19,14.66666667
RESIDENCIAL,ESTRATO 2,13,18,14,15,9,16,14.16666667
RESIDENCIAL,ESTRATO 2,26,19,25,24,16,25,22.5
RESIDENCIAL,ESTRATO 2,15,10,15,3,0,3,7.666666667
RESIDENCIAL,ESTRATO 2,24,35,30,41,19,53,33.66666667
RESIDENCIAL,ESTRATO 3,23,21,22,12,7,24,18.16666667
RESIDENCIAL,ESTRATO 2,57,26,6,11,22,24,24.33333333
RESIDENCIAL,ESTRATO 2,35,11,17,35,13,29,23.33333333
RESIDENCIAL,ESTRATO 2,41,28,25,30,12,35,28.5
RESIDENCIAL,ESTRATO 2,60,46,60,68,40,79,58.83333333
RESIDENCIAL,ESTRATO 2,9,5,6,8,4,8,6.666666667
RESIDENCIAL,ESTRATO 2,21,16,17,22,12,30,19.66666667
RESIDENCIAL,ESTRATO 2,38,25,31,34,31,73,38.66666667
RESIDENCIAL,ESTRATO 2,2,0,1,9,2,10,4
RESIDENCIAL,ESTRATO 2,32,30,33,33,20,39,31.16666667
RESIDENCIAL,ESTRATO 3,13,11,86,12,30,27,29.83333333
RESIDENCIAL,ESTRATO 3,40,21,46,147,15,55,54
RESIDENCIAL,ESTRATO 3,30,33,30,25,18,35,28.5
RESIDENCIAL,ESTRATO 3,40,26,33,29,18,26,28.66666667
RESIDENCIAL,ESTRATO 3,10,5,10,36,20,55,22.66666667
RESIDENCIAL,ESTRATO 3,9,0,0,0,0,0,1.5
RESIDENCIAL,ESTRATO 3,10,9,8,6,8,14,9.166666667
RESIDENCIAL,ESTRATO 3,27,25,25,35,17,34,27.16666667
RESIDENCIAL,ESTRATO 3,19,2,26,37,24,38,24.33333333
RESIDENCIAL,ESTRATO 3,14,11,17,261,10,18,55.16666667
RESIDENCIAL,ESTRATO 3,0,0,0,1,1,0,0.3333333333
RESIDENCIAL,ESTRATO 3,90,77,102,61,110,98,89.66666667
RESIDENCIAL,ESTRATO 2,15,14,13,11,10,25,14.66666667
RESIDENCIAL,ESTRATO 2,1,0,5,0,8,21,5.833333333
RESIDENCIAL,ESTRATO 3,15,8,11,12,7,15,11.33333333
RESIDENCIAL,ESTRATO 3,40,33,42,29,15,18,29.5
RESIDENCIAL,ESTRATO 3,13,11,11,14,7,16,12
RESIDENCIAL,ESTRATO 3,7,8,14,49,3,85,27.66666667
RESIDENCIAL,ESTRATO 3,26,17,21,20,11,22,19.5
RESIDENCIAL,ESTRATO 3,16,12,13,15,9,21,14.33333333
RESIDENCIAL,ESTRATO 3,13,18,24,18,7,67,24.5
RESIDENCIAL,ESTRATO 2,10,0,0,0,1,0,1.833333333
RESIDENCIAL,ESTRATO 2,4,3,4,4,2,5,3.666666667
RESIDENCIAL,ESTRATO 2,25,19,26,29,16,32,24.5
RESIDENCIAL,ESTRATO 2,14,11,12,16,9,17,13.16666667
RESIDENCIAL,ESTRATO 2,0,0,0,1,0,0,0.1666666667
RESIDENCIAL,ESTRATO 2,28,23,29,25,15,25,24.16666667
RESIDENCIAL,ESTRATO 1,7,10,8,7,4,5,6.833333333
RESIDENCIAL,ESTRATO 2,37,33,35,47,23,43,36.33333333
RESIDENCIAL,ESTRATO 3,6,13,14,9,4,5,8.5
RESIDENCIAL,ESTRATO 2,41,29,26,31,18,33,29.66666667
RESIDENCIAL,ESTRATO 2,0,0,1,1,0,0,0.3333333333
RESIDENCIAL,ESTRATO 2,0,1,2,2,2,3,1.666666667
RESIDENCIAL,ESTRATO 2,25,24,38,35,23,69,35.66666667
RESIDENCIAL,ESTRATO 2,15,0,13,11,7,33,13.16666667
RESIDENCIAL,ESTRATO 2,1,0,1,4,1,15,3.666666667
RESIDENCIAL,ESTRATO 2,13,10,11,17,8,25,14
RESIDENCIAL,ESTRATO 2,12,8,12,15,11,24,13.66666667
RESIDENCIAL,ESTRATO 2,26,21,25,30,22,35,26.5
RESIDENCIAL,ESTRATO 2,0,0,0,16,7,1,4
RESIDENCIAL,ESTRATO 2,34,27,35,32,24,58,35
RESIDENCIAL,ESTRATO 2,3,2,3,4,3,9,4
RESIDENCIAL,ESTRATO 2,0,0,0,1,0,3,0.6666666667
RESIDENCIAL,ESTRATO 2,0,4,17,10,6,11,8
RESIDENCIAL,ESTRATO 2,0,195,88,83,41,93,83.33333333
RESIDENCIAL,ESTRATO 2,33,23,25,31,25,43,30
RESIDENCIAL,ESTRATO 2,27,23,27,30,8,31,24.33333333
RESIDENCIAL,ESTRATO 2,7,13,11,6,3,15,9.166666667
RESIDENCIAL,ESTRATO 2,16,13,19,20,11,27,17.66666667
RESIDENCIAL,ESTRATO 2,10,9,10,12,6,22,11.5
RESIDENCIAL,ESTRATO 2,22,26,27,27,14,9,20.83333333
RESIDENCIAL,ESTRATO 2,23,19,21,21,73,32,31.5
RESIDENCIAL,ESTRATO 2,23,20,56,69,50,72,48.33333333
RESIDENCIAL,ESTRATO 2,14,23,14,23,8,20,17
RESIDENCIAL,ESTRATO 2,11,10,13,15,14,27,15
RESIDENCIAL,ESTRATO 2,21,17,48,60,16,36,33
RESIDENCIAL,ESTRATO 2,24,14,19,28,16,22,20.5
RESIDENCIAL,ESTRATO 2,72,9,17,30,13,25,27.66666667
RESIDENCIAL,ESTRATO 3,212,169,204,264,101,342,215.3333333
RESIDENCIAL,ESTRATO 2,18,14,16,19,10,25,17
RESIDENCIAL,ESTRATO 2,12,9,9,11,7,13,10.16666667
RESIDENCIAL,ESTRATO 2,29,25,28,26,13,33,25.66666667
RESIDENCIAL,ESTRATO 3,31,20,17,31,16,49,27.33333333
RESIDENCIAL,ESTRATO 2,14,9,10,11,6,17,11.16666667
RESIDENCIAL,ESTRATO 2,17,9,5,10,9,13,10.5
RESIDENCIAL,ESTRATO 2,31,25,34,40,21,110,43.5
RESIDENCIAL,ESTRATO 2,35,25,32,34,22,49,32.83333333
RESIDENCIAL,ESTRATO 2,14,3,4,6,10,32,11.5
RESIDENCIAL,ESTRATO 2,8,4,10,14,13,21,11.66666667
RESIDENCIAL,ESTRATO 3,14,13,16,22,13,44,20.33333333
RESIDENCIAL,ESTRATO 2,6,10,9,8,8,16,9.5
RESIDENCIAL,ESTRATO 2,12,9,10,14,7,14,11
RESIDENCIAL,ESTRATO 2,14,9,14,16,9,19,13.5
RESIDENCIAL,ESTRATO 2,7,9,5,2,2,4,4.833333333
RESIDENCIAL,ESTRATO 2,15,12,15,19,11,22,15.66666667
RESIDENCIAL,ESTRATO 3,34,27,27,32,15,34,28.16666667
RESIDENCIAL,ESTRATO 2,37,35,31,33,0,6,23.66666667
RESIDENCIAL,ESTRATO 3,31,22,13,22,7,15,18.33333333
RESIDENCIAL,ESTRATO 3,2,2,1,2,1,2,1.666666667
RESIDENCIAL,ESTRATO 3,31,25,24,37,16,31,27.33333333
RESIDENCIAL,ESTRATO 4,115,98,114,137,64,103,105.1666667
RESIDENCIAL,ESTRATO 3,0,0,0,0,0,0,0
RESIDENCIAL,ESTRATO 3,33,31,38,42,12,76,38.66666667
RESIDENCIAL,ESTRATO 1,0,12,6,4,1,2,4.166666667
RESIDENCIAL,ESTRATO 2,21,22,14,12,10,42,20.16666667
RESIDENCIAL,ESTRATO 1,15,15,14,17,11,18,15
RESIDENCIAL,ESTRATO 1,24,18,15,14,1,13,14.16666667
RESIDENCIAL,ESTRATO 1,11,13,20,52,19,39,25.66666667
RESIDENCIAL,ESTRATO 1,0,1,9,11,5,6,5.333333333
RESIDENCIAL,ESTRATO 1,24,16,20,26,12,23,20.16666667
RESIDENCIAL,ESTRATO 1,23,19,18,26,30,34,25
RESIDENCIAL,ESTRATO 2,16,12,13,13,7,16,12.83333333
RESIDENCIAL,ESTRATO 1,24,22,20,23,13,28,21.66666667
RESIDENCIAL,ESTRATO 1,10,6,10,3,0,0,4.833333333
RESIDENCIAL,ESTRATO 1,9,8,11,14,6,18,11
RESIDENCIAL,ESTRATO 1,8,14,16,20,8,38,17.33333333
RESIDENCIAL,ESTRATO 1,31,30,26,33,19,37,29.33333333
RESIDENCIAL,ESTRATO 1,7,4,2,7,3,7,5
RESIDENCIAL,ESTRATO 1,17,14,18,28,13,31,20.16666667
RESIDENCIAL,ESTRATO 1,1,1,2,2,1,3,1.666666667
RESIDENCIAL,ESTRATO 1,13,21,26,46,49,24,29.83333333
RESIDENCIAL,ESTRATO 2,12,12,10,12,7,14,11.16666667
RESIDENCIAL,ESTRATO 1.0,15,16,6,13,11,13,12.33333333
RESIDENCIAL,ESTRATO 2,18,11,10,14,7,13,12.16666667
RESIDENCIAL,ESTRATO 1,25,24,24,19,17,36,24.16666667
RESIDENCIAL,ESTRATO 1,18,14,18,24,10,21,17.5
RESIDENCIAL,ESTRATO 4,149,116,37,106,53,123,97.33333333
RESIDENCIAL,ESTRATO 1,0,1,0,0,0,3,0.6666666667
RESIDENCIAL,ESTRATO 1,749,192,207,691,285,616,456.6666667
RESIDENCIAL,ESTRATO 2,58,18,52,51,30,58,44.5
RESIDENCIAL,ESTRATO 2,16,10,38,26,9,36,22.5
RESIDENCIAL,ESTRATO 1,12,5,6,7,6,15,8.5
RESIDENCIAL,ESTRATO 1,78,0,0,0,0,0,13
RESIDENCIAL,ESTRATO 1,16,83,38,39,17,37,38.33333333
RESIDENCIAL,ESTRATO 1,31,17,34,31,11,51,29.16666667
RESIDENCIAL,ESTRATO 1,15,22,24,21,10,34,21
RESIDENCIAL,ESTRATO 2,29,28,23,18,8,21,21.16666667
RESIDENCIAL,ESTRATO 2,6,5,5,5,43,3,11.16666667
RESIDENCIAL,ESTRATO 2,13,9,11,13,9,17,12
RESIDENCIAL,ESTRATO 2,16,16,17,24,13,28,19
RESIDENCIAL,ESTRATO 2,0,15,26,15,8,17,13.5
RESIDENCIAL,ESTRATO 1,34,16,19,19,34,38,26.66666667
RESIDENCIAL,ESTRATO 2,12,9,12,13,8,30,14
RESIDENCIAL,ESTRATO 2,8,5,3,3,3,4,4.333333333
RESIDENCIAL,ESTRATO 2,14,12,15,22,12,37,18.66666667
RESIDENCIAL,ESTRATO 1,19,6,4,9,9,34,13.5
RESIDENCIAL,ESTRATO 1,25,56,243,117,37,192,111.6666667
RESIDENCIAL,ESTRATO 1,3,4,3,1,3,4,3
RESIDENCIAL,ESTRATO 2,27,19,21,27,26,22,23.66666667
RESIDENCIAL,ESTRATO 2,17,13,25,31,17,20,20.5
RESIDENCIAL,ESTRATO 2,21,19,27,36,30,28,26.83333333
RESIDENCIAL,ESTRATO 2,0,0,0,0,0,0,0
RESIDENCIAL,ESTRATO 1,17,11,13,20,18,14,15.5
RESIDENCIAL,ESTRATO 2,13,9,0,25,19,16,13.66666667
RESIDENCIAL,ESTRATO 2,26,21,22,30,0,50,24.83333333
RESIDENCIAL,ESTRATO 2,36,30,37,36,36,42,36.16666667
RESIDENCIAL,ESTRATO 2,44,41,12,60,30,38,37.5
RESIDENCIAL,ESTRATO 2,7,9,13,12,11,38,15
RESIDENCIAL,ESTRATO 2,20,0,20,4,7,7,9.666666667
RESIDENCIAL,ESTRATO 3,8,4,7,7,13,7,7.666666667
RESIDENCIAL,ESTRATO 3,19,17,16,17,22,16,17.83333333
RESIDENCIAL,ESTRATO 2,0,0,0,0,0,0,0
RESIDENCIAL,ESTRATO 3,2,6,3,2,2,36,8.5
RESIDENCIAL,ESTRATO 3,54,43,41,56,62,87,57.16666667
RESIDENCIAL,ESTRATO 3,38,53,19,24,23,26,30.5
RESIDENCIAL,ESTRATO 2,0,0,0,0,0,3,0.5
RESIDENCIAL,ESTRATO 2,15,11,13,21,14,13,14.5
RESIDENCIAL,ESTRATO 2,38,31,32,36,33,28,33
RESIDENCIAL,ESTRATO 3,0,2,7,6,5,3,3.833333333
RESIDENCIAL,ESTRATO 3,40,29,25,0,0,0,15.66666667
RESIDENCIAL,ESTRATO 3,3,3,3,3,3,4,3.166666667
RESIDENCIAL,ESTRATO 3,35,18,22,22,18,21,22.66666667
RESIDENCIAL,ESTRATO 3,10,1,10,17,219,152,68.16666667
RESIDENCIAL,ESTRATO 3,26,20,16,23,23,20,21.33333333
RESIDENCIAL,ESTRATO 3,17,11,11,15,12,16,13.66666667
RESIDENCIAL,ESTRATO 2,20,8,20,0,0,33,13.5
RESIDENCIAL,ESTRATO 3,17,11,12,19,13,17,14.83333333
RESIDENCIAL,ESTRATO 3,0,0,0,0,0,29,4.833333333
RESIDENCIAL,ESTRATO 2,21,1,2,3,13,14,9
RESIDENCIAL,ESTRATO 2,0,5,3,2,3,9,3.666666667
RESIDENCIAL,ESTRATO 2,19,18,26,56,59,59,39.5
RESIDENCIAL,ESTRATO 2,24,28,5,25,18,19,19.83333333
RESIDENCIAL,ESTRATO 2,6,5,4,7,7,9,6.333333333
RESIDENCIAL,ESTRATO 2,19,8,10,13,11,13,12.33333333
RESIDENCIAL,ESTRATO 3,39,26,27,31,32,29,30.66666667
RESIDENCIAL,ESTRATO 2,40,25,19,27,26,30,27.83333333
RESIDENCIAL,ESTRATO 2,20,25,48,149,146,246,105.6666667
RESIDENCIAL,ESTRATO 2,95,80,89,112,85,108,94.83333333
RESIDENCIAL,ESTRATO 2,39,27,62,38,40,95,50.16666667
RESIDENCIAL,ESTRATO 2,25,19,23,32,31,25,25.83333333
RESIDENCIAL,ESTRATO 2,32,23,20,21,20,17,22.16666667
RESIDENCIAL,ESTRATO 2,0,0,0,0,0,0,0
RESIDENCIAL,ESTRATO 2,32,24,25,35,28,21,27.5
RESIDENCIAL,ESTRATO 2,18,13,14,18,24,43,21.66666667
RESIDENCIAL,ESTRATO 2,15,7,7,12,12,10,10.5
RESIDENCIAL,ESTRATO 2,23,15,11,15,14,14,15.33333333
RESIDENCIAL,ESTRATO 2,0,60,0,2,0,33,15.83333333
RESIDENCIAL,ESTRATO 2,10,8,3,1,100,0,20.33333333
RESIDENCIAL,ESTRATO 2,10,8,0,0,0,167,30.83333333
RESIDENCIAL,ESTRATO 3,35,25,29,50,86,73,49.66666667
RESIDENCIAL,ESTRATO 2,0,1,0,16,20,17,9
RESIDENCIAL,ESTRATO 2,19,12,14,19,26,10,16.66666667
RESIDENCIAL,ESTRATO 3,0,0,0,0,9,4,2.166666667
RESIDENCIAL,ESTRATO 2,0,0,0,0,1,1,0.3333333333
RESIDENCIAL,ESTRATO 3,422,208,202,73,0,0,150.8333333
RESIDENCIAL,ESTRATO 3,65,45,48,64,51,55,54.66666667
RESIDENCIAL,ESTRATO 3,8,7,9,9,8,43,14
RESIDENCIAL,ESTRATO 3,17,15,15,14,6,15,13.66666667
RESIDENCIAL,ESTRATO 3,3,3,3,4,7,5,4.166666667
RESIDENCIAL,ESTRATO 2,14,9,12,10,11,11,11.16666667
RESIDENCIAL,ESTRATO 3,0,0,45,124,91,83,57.16666667
RESIDENCIAL,ESTRATO 3,19,18,16,32,29,26,23.33333333
RESIDENCIAL,ESTRATO 2,0,0,7,5,10,6,4.666666667
RESIDENCIAL,ESTRATO 3,22,23,20,28,30,22,24.16666667
RESIDENCIAL,ESTRATO 3,7,9,6,5,6,14,7.833333333
RESIDENCIAL,ESTRATO 2,24,18,19,22,21,20,20.66666667
RESIDENCIAL,ESTRATO 2,22,19,20,28,20,16,20.83333333
RESIDENCIAL,ESTRATO 2,11,11,11,13,13,16,12.5
RESIDENCIAL,ESTRATO 2,30,20,25,31,30,33,28.16666667
RESIDENCIAL,ESTRATO 2,14,11,11,8,11,3,9.666666667
RESIDENCIAL,ESTRATO 2,3,6,2,6,3,5,4.166666667
RESIDENCIAL,ESTRATO 2,7,8,5,9,9,8,7.666666667
RESIDENCIAL,ESTRATO 2,22,15,15,13,22,24,18.5
RESIDENCIAL,ESTRATO 2,38,30,39,57,61,37,43.66666667
RESIDENCIAL,ESTRATO 2,21,10,18,11,11,10,13.5
RESIDENCIAL,ESTRATO 2,21,15,18,20,18,17,18.16666667
RESIDENCIAL,ESTRATO 2,12,17,29,20,22,19,19.83333333
RESIDENCIAL,ESTRATO 2,0,0,0,0,0,0,0
RESIDENCIAL,ESTRATO 2,16,11,10,11,14,10,12
RESIDENCIAL,ESTRATO 2,6,4,5,7,4,6,5.333333333
RESIDENCIAL,ESTRATO 2,22,25,21,32,18,32,25
RESIDENCIAL,ESTRATO 2,16,10,4,6,9,18,10.5
RESIDENCIAL,ESTRATO 2,12,10,9,9,8,6,9
RESIDENCIAL,ESTRATO 2,11,13,25,35,33,45,27
RESIDENCIAL,ESTRATO 2,7,14,10,14,24,17,14.33333333
RESIDENCIAL,ESTRATO 2,16,13,18,18,16,18,16.5
RESIDENCIAL,ESTRATO 2,8,5,6,29,14,19,13.5
RESIDENCIAL,ESTRATO 2,20,60,0,2,39,42,27.16666667
RESIDENCIAL,ESTRATO 2,40,19,18,20,19,20,22.66666667
RESIDENCIAL,ESTRATO 2,35,37,60,64,67,61,54
RESIDENCIAL,ESTRATO 2,0,0,0,0,0,0,0
RESIDENCIAL,ESTRATO 2,26,17,14,55,22,21,25.83333333
RESIDENCIAL,ESTRATO 2,6,15,11,10,11,13,11
RESIDENCIAL,ESTRATO 2,5,13,15,16,16,10,12.5
RESIDENCIAL,ESTRATO 2,9,8,10,11,11,11,10
RESIDENCIAL,ESTRATO 2,12,9,10,14,11,15,11.83333333
RESIDENCIAL,ESTRATO 2,20,17,17,17,16,21,18
RESIDENCIAL,ESTRATO 2,34,26,25,35,38,31,31.5
RESIDENCIAL,ESTRATO 2,122,16,113,123,154,95,103.8333333
RESIDENCIAL,ESTRATO 2,55,23,32,33,54,44,40.16666667
RESIDENCIAL,ESTRATO 2,1,2,1,1,1,4,1.666666667
RESIDENCIAL,ESTRATO 2,24,16,14,22,21,15,18.66666667
RESIDENCIAL,ESTRATO 2,22,15,17,17,315,33,69.83333333
RESIDENCIAL,ESTRATO 2,17,14,13,15,13,11,13.83333333
RESIDENCIAL,ESTRATO 1,0,0,2,7,9,11,4.833333333
RESIDENCIAL,ESTRATO 2,48,31,30,33,34,33,34.83333333
RESIDENCIAL,ESTRATO 2,16,12,13,16,14,14,14.16666667
RESIDENCIAL,ESTRATO 2,29,22,26,28,23,41,28.16666667
RESIDENCIAL,ESTRATO 2,11,6,9,12,12,24,12.33333333
RESIDENCIAL,ESTRATO 2,41,32,32,37,38,39,36.5
RESIDENCIAL,ESTRATO 2,13,9,3,19,9,12,10.83333333
RESIDENCIAL,ESTRATO 2,18,15,14,13,0,2,10.33333333
RESIDENCIAL,ESTRATO 2,13,12,19,19,14,18,15.83333333
RESIDENCIAL,ESTRATO 2,42,21,16,20,19,17,22.5
RESIDENCIAL,ESTRATO 2,11,9,8,13,13,13,11.16666667
RESIDENCIAL,ESTRATO 2,6,4,7,7,5,6,5.833333333
RESIDENCIAL,ESTRATO 2,15,8,7,13,7,6,9.333333333
RESIDENCIAL,ESTRATO 2,39,37,31,39,37,36,36.5
RESIDENCIAL,ESTRATO 2,12,11,10,32,0,82,24.5
RESIDENCIAL,ESTRATO 2,1,20,31,54,43,27,29.33333333
RESIDENCIAL,ESTRATO 2,11,4,26,20,19,19,16.5
RESIDENCIAL,ESTRATO 2,18,13,13,17,17,13,15.16666667
RESIDENCIAL,ESTRATO 2,8,4,3,7,16,16,9
RESIDENCIAL,ESTRATO 2,25,15,29,30,53,39,31.83333333
RESIDENCIAL,ESTRATO 2,29,14,10,6,7,48,19
RESIDENCIAL,ESTRATO 2,15,54,16,12,4,2,17.16666667
RESIDENCIAL,ESTRATO 2,2,2,2,3,2,3,2.333333333
RESIDENCIAL,ESTRATO 2,23,21,12,25,26,19,21
RESIDENCIAL,ESTRATO 2,18,20,18,20,34,45,25.83333333
RESIDENCIAL,ESTRATO 2,3,3,2,3,2,1,2.333333333
RESIDENCIAL,ESTRATO 2,26,30,33,23,13,15,23.33333333
RESIDENCIAL,ESTRATO 1,29,23,31,16,16,11,21
RESIDENCIAL,ESTRATO 2,24,11,17,16,13,22,17.16666667
RESIDENCIAL,ESTRATO 2,26,18,15,38,35,41,28.83333333
RESIDENCIAL,ESTRATO 2,10,4,12,9,17,13,10.83333333
RESIDENCIAL,ESTRATO 2,17,16,12,16,19,14,15.66666667
RESIDENCIAL,ESTRATO 2,24,18,21,26,27,25,23.5
RESIDENCIAL,ESTRATO 2,0,0,0,0,0,0,0
RESIDENCIAL,ESTRATO 2,37,25,42,50,50,47,41.83333333
RESIDENCIAL,ESTRATO 2,16,10,9,11,14,12,12
RESIDENCIAL,ESTRATO 2,27,16,14,22,39,36,25.66666667
RESIDENCIAL,ESTRATO 2,9,9,7,3,8,6,7
RESIDENCIAL,ESTRATO 2,0,2,6,7,5,7,4.5
RESIDENCIAL,ESTRATO 2,12,8,10,11,13,13,11.16666667
RESIDENCIAL,ESTRATO 2,30,26,25,29,28,29,27.83333333
RESIDENCIAL,ESTRATO 2,15,8,9,12,10,10,10.66666667
RESIDENCIAL,ESTRATO 2,26,22,21,30,28,26,25.5
RESIDENCIAL,ESTRATO 2,15,10,14,16,14,16,14.16666667
RESIDENCIAL,ESTRATO 2,0,27,0,0,0,17,7.333333333
RESIDENCIAL,ESTRATO 2,27,86,39,47,60,160,69.83333333
RESIDENCIAL,ESTRATO 2,24,18,20,22,25,26,22.5
RESIDENCIAL,ESTRATO 1,9,6,8,14,22,56,19.16666667
RESIDENCIAL,ESTRATO 2,3,3,4,13,8,0,5.166666667
RESIDENCIAL,ESTRATO 2,15,15,26,14,18,13,16.83333333
RESIDENCIAL,ESTRATO 2,12,12,28,15,10,13,15
RESIDENCIAL,ESTRATO 2,1,1,34,21,16,17,15
RESIDENCIAL,ESTRATO 2,20,20,49,27,18,11,24.16666667
RESIDENCIAL,ESTRATO 2,20,20,43,25,16,18,23.66666667
RESIDENCIAL,ESTRATO 2,25,25,54,29,18,36,31.16666667
RESIDENCIAL,ESTRATO 2,0,0,0,0,0,0,0
RESIDENCIAL,ESTRATO 2,60,60,108,17,142,103,81.66666667
RESIDENCIAL,ESTRATO 2,33,33,65,38,25,34,38
RESIDENCIAL,ESTRATO 4,55,55,85,12,1,3,35.16666667
RESIDENCIAL,ESTRATO 4,16,16,18,3,3,2,9.666666667
RESIDENCIAL,ESTRATO 4,15,15,30,4,8,7,13.16666667
RESIDENCIAL,ESTRATO 4,17,17,32,94,15,13,31.33333333
RESIDENCIAL,ESTRATO 4,21,21,67,41,25,33,34.66666667
RESIDENCIAL,ESTRATO 3,48,48,89,44,40,35,50.66666667
RESIDENCIAL,ESTRATO 3,1,1,2,2,2,1,1.5
RESIDENCIAL,ESTRATO 2,4,4,18,9,8,6,8.166666667
RESIDENCIAL,ESTRATO 1,294,294,594,331,275,438,371
RESIDENCIAL,ESTRATO 3,21,21,3,5,6,32,14.66666667
RESIDENCIAL,ESTRATO 3,29,29,69,37,33,25,37
RESIDENCIAL,ESTRATO 3,24,24,59,34,23,46,35
RESIDENCIAL,ESTRATO 3,16,16,16,32,21,31,22
RESIDENCIAL,ESTRATO 3,37,37,94,36,29,75,51.33333333
RESIDENCIAL,ESTRATO 2,16,16,42,21,17,34,24.33333333
RESIDENCIAL,ESTRATO 2,5,5,10,0,8,1,4.833333333
RESIDENCIAL,ESTRATO 2,17,17,34,16,9,15,18
RESIDENCIAL,ESTRATO 2,25,25,58,29,25,21,30.5
RESIDENCIAL,ESTRATO 2,66,66,51,25,29,35,45.33333333
RESIDENCIAL,ESTRATO 2,12,12,28,20,13,33,19.66666667
RESIDENCIAL,ESTRATO 2,30,30,62,36,27,38,37.16666667
RESIDENCIAL,ESTRATO 2,19,19,41,18,13,22,22
RESIDENCIAL,ESTRATO 2,20,20,136,38,38,95,57.83333333
RESIDENCIAL,ESTRATO 2,2,2,0,0,39,5,8
RESIDENCIAL,ESTRATO 3,17,17,34,21,13,23,20.83333333
RESIDENCIAL,ESTRATO 3,13,13,30,16,12,16,16.66666667
RESIDENCIAL,ESTRATO 3,27,27,45,0,74,55,38
RESIDENCIAL,ESTRATO 3,17,17,38,17,15,19,20.5
RESIDENCIAL,ESTRATO 3,74,74,86,30,15,29,51.33333333
RESIDENCIAL,ESTRATO 3,0,0,1,0,0,0,0.1666666667
RESIDENCIAL,ESTRATO 3,4,4,7,4,2,6,4.5
RESIDENCIAL,ESTRATO 3,32,32,65,37,24,26,36
RESIDENCIAL,ESTRATO 3,12,12,23,14,9,9,13.16666667
RESIDENCIAL,ESTRATO 4,10,10,19,1,0,17,9.5
RESIDENCIAL,ESTRATO 4,12,12,30,19,14,34,20.16666667
RESIDENCIAL,ESTRATO 2,36,36,64,37,26,31,38.33333333
RESIDENCIAL,ESTRATO 2,4,4,7,4,3,4,4.333333333
RESIDENCIAL,ESTRATO 2,10,10,14,7,6,3,8.333333333
RESIDENCIAL,ESTRATO 2,1,1,0,1,0,0,0.5
RESIDENCIAL,ESTRATO 3,3,3,4,3,2,0,2.5
RESIDENCIAL,ESTRATO 2,14,14,14,6,7,6,10.16666667
RESIDENCIAL,ESTRATO 2,26,26,55,30,22,29,31.33333333
RESIDENCIAL,ESTRATO 2,35,35,64,35,27,89,47.5
RESIDENCIAL,ESTRATO 2,12,12,21,9,6,8,11.33333333
RESIDENCIAL,ESTRATO 2,19,19,57,32,20,26,28.83333333
RESIDENCIAL,ESTRATO 2,17,17,34,18,14,22,20.33333333
RESIDENCIAL,ESTRATO 2,14,14,71,34,22,29,30.66666667
RESIDENCIAL,ESTRATO 2,24,24,48,21,12,15,24
RESIDENCIAL,ESTRATO 2,0,0,1,1,1,1,0.6666666667
RESIDENCIAL,ESTRATO 2,28,28,45,22,22,20,27.5
RESIDENCIAL,ESTRATO 3,0,0,1,0,0,0,0.1666666667
RESIDENCIAL,ESTRATO 3,0,0,1,1,0,0,0.3333333333
RESIDENCIAL,ESTRATO 3,17,17,32,13,9,12,16.66666667
RESIDENCIAL,ESTRATO 3,0,0,3,0,1,0,0.6666666667
RESIDENCIAL,ESTRATO 2,0,0,27,4,4,9,7.333333333
RESIDENCIAL,ESTRATO 2,0,0,0,0,48,4,8.666666667
RESIDENCIAL,ESTRATO 2,7,7,13,10,9,14,10
RESIDENCIAL,ESTRATO 2,32,32,69,36,27,29,37.5
RESIDENCIAL,ESTRATO 2,18,18,16,10,5,3,11.66666667
RESIDENCIAL,ESTRATO 2,14,14,31,14,8,10,15.16666667
RESIDENCIAL,ESTRATO 2,14,14,25,10,10,10,13.83333333
RESIDENCIAL,ESTRATO 2,5,5,134,45,23,32,40.66666667
RESIDENCIAL,ESTRATO 2,6,6,14,7,8,27,11.33333333
RESIDENCIAL,ESTRATO 2,44,44,86,67,51,83,62.5
RESIDENCIAL,ESTRATO 2,51,51,68,21,21,6,36.33333333
RESIDENCIAL,ESTRATO 2,201,201,442,218,161,249,245.3333333
RESIDENCIAL,ESTRATO 2,5,5,31,29,25,25,20
RESIDENCIAL,ESTRATO 2,17,17,32,21,10,15,18.66666667
RESIDENCIAL,ESTRATO 2,31,31,49,35,29,36,35.16666667
RESIDENCIAL,ESTRATO 2,14,14,26,15,14,13,16
RESIDENCIAL,ESTRATO 2,38,38,62,31,25,27,36.83333333
RESIDENCIAL,ESTRATO 2,1,1,1,1,1,1,1
RESIDENCIAL,ESTRATO 2,0,0,1,2,2,3,1.333333333
RESIDENCIAL,ESTRATO 2,21,21,15,25,0,28,18.33333333
RESIDENCIAL,ESTRATO 2,18,18,35,14,11,12,18
RESIDENCIAL,ESTRATO 2,14,14,30,14,0,23,15.83333333
RESIDENCIAL,ESTRATO 2,15,15,36,22,0,40,21.33333333
RESIDENCIAL,ESTRATO 2,33,33,192,0,0,132,65
RESIDENCIAL,ESTRATO 2,0,0,0,0,0,0,0
RESIDENCIAL,ESTRATO 2,33,33,63,39,0,38,34.33333333
RESIDENCIAL,ESTRATO 2,0,0,0,0,1,1,0.3333333333
RESIDENCIAL,ESTRATO 2,5,5,15,14,0,11,8.333333333
RESIDENCIAL,ESTRATO 2,11,11,35,17,0,27,16.83333333
RESIDENCIAL,ESTRATO 2,22,22,47,19,0,52,27
RESIDENCIAL,ESTRATO 2,15,15,37,25,0,77,28.16666667
RESIDENCIAL,ESTRATO 2,41,41,51,27,0,76,39.33333333
RESIDENCIAL,ESTRATO 2,1,1,1,0,0,2,0.8333333333
RESIDENCIAL,ESTRATO 2,15,15,26,13,0,10,13.16666667
RESIDENCIAL,ESTRATO 2,76,76,115,46,0,13,54.33333333
RESIDENCIAL,ESTRATO 2,1,1,1,2,0,2,1.166666667
RESIDENCIAL,ESTRATO 2,30,30,54,32,0,47,32.16666667
RESIDENCIAL,ESTRATO 2,23,23,21,5,0,6,13
RESIDENCIAL,ESTRATO 2,21,21,31,91,0,31,32.5
RESIDENCIAL,ESTRATO 2,8,8,6,0,0,1,3.833333333
RESIDENCIAL,ESTRATO 2,23,23,37,23,0,34,23.33333333
RESIDENCIAL,ESTRATO 2,17,17,36,21,0,34,20.83333333
RESIDENCIAL,ESTRATO 2,31,31,140,68,0,171,73.5
RESIDENCIAL,ESTRATO 2,34,34,27,23,0,44,27
RESIDENCIAL,ESTRATO 2,23,23,57,26,0,40,28.16666667
RESIDENCIAL,ESTRATO 2,6,6,11,7,0,11,6.833333333
RESIDENCIAL,ESTRATO 2,12,12,38,17,0,26,17.5
RESIDENCIAL,ESTRATO 1,0,0,3,2,0,2,1.166666667
RESIDENCIAL,ESTRATO 2,24,24,79,18,0,66,35.16666667
RESIDENCIAL,ESTRATO 2,70,70,191,23,0,47,66.83333333
RESIDENCIAL,ESTRATO 2,14,14,38,17,0,24,17.83333333
RESIDENCIAL,ESTRATO 2,13,13,37,26,0,0,14.83333333
RESIDENCIAL,ESTRATO 2,51,51,127,9,0,129,61.16666667
RESIDENCIAL,ESTRATO 2,18,18,48,29,0,53,27.66666667
RESIDENCIAL,ESTRATO 2,10,10,33,12,0,12,12.83333333
RESIDENCIAL,ESTRATO 2,11,11,30,12,0,22,14.33333333
RESIDENCIAL,ESTRATO 2,11,11,27,10,0,10,11.5
RESIDENCIAL,ESTRATO 2,19,19,78,42,0,69,37.83333333
RESIDENCIAL,ESTRATO 2,14,14,42,21,0,29,20
RESIDENCIAL,ESTRATO 2,14,14,44,19,0,37,21.33333333
RESIDENCIAL,ESTRATO 2,1,1,2,1,0,4,1.5
RESIDENCIAL,ESTRATO 2,22,22,38,19,0,53,25.66666667
RESIDENCIAL,ESTRATO 1.0,17,17,46,20,0,33,22.16666667
RESIDENCIAL,ESTRATO 1,9,9,22,11,0,17,11.33333333
RESIDENCIAL,ESTRATO 1.0,25,25,59,31,0,50,31.66666667
RESIDENCIAL,ESTRATO 1.0,31,31,62,33,0,24,30.16666667
RESIDENCIAL,ESTRATO 1.0,17,17,39,13,0,13,16.5
RESIDENCIAL,ESTRATO 1,10,10,11,9,0,6,7.666666667
RESIDENCIAL,ESTRATO 1.0,13,13,20,9,0,36,15.16666667
RESIDENCIAL,ESTRATO 1.0,226,226,0,35,0,44,88.5
RESIDENCIAL,ESTRATO 1,7,7,32,18,0,30,15.66666667
RESIDENCIAL,ESTRATO 1.0,8,8,22,0,0,28,11
RESIDENCIAL,ESTRATO 1.0,13,13,23,16,0,0,10.83333333
RESIDENCIAL,ESTRATO 1.0,8,8,18,10,0,18,10.33333333
RESIDENCIAL,ESTRATO 1.0,2,2,53,9,0,13,13.16666667
RESIDENCIAL,ESTRATO 1.0,7,7,29,30,0,38,18.5
RESIDENCIAL,ESTRATO 2,25,25,50,50,0,55,34.16666667
RESIDENCIAL,ESTRATO 1.0,10,10,21,9,0,21,11.83333333
RESIDENCIAL,ESTRATO 1,1,1,73,60,0,120,42.5
RESIDENCIAL,ESTRATO 1.0,3,3,73,28,0,35,23.66666667
RESIDENCIAL,ESTRATO 1.0,26,26,37,18,0,0,17.83333333
RESIDENCIAL,ESTRATO 1.0,16,16,102,48,0,55,39.5
RESIDENCIAL,ESTRATO 1.0,40,40,129,28,0,139,62.66666667
RESIDENCIAL,ESTRATO 2,7,7,8,6,0,24,8.666666667
RESIDENCIAL,ESTRATO 2,19,19,36,12,0,33,19.83333333
RESIDENCIAL,ESTRATO 2,13,13,28,19,0,31,17.33333333
RESIDENCIAL,ESTRATO 1.0,8,8,22,8,0,20,11
RESIDENCIAL,ESTRATO 1.0,64,64,0,15,0,0,23.83333333
RESIDENCIAL,ESTRATO 1.0,21,21,55,35,0,64,32.66666667
RESIDENCIAL,ESTRATO 1.0,8,8,16,9,0,12,8.833333333
RESIDENCIAL,ESTRATO 2,15,15,36,18,0,78,27
RESIDENCIAL,ESTRATO 2,15,15,38,20,0,35,20.5
RESIDENCIAL,ESTRATO 2,3,3,5,0,0,0,1.833333333
RESIDENCIAL,ESTRATO 2,34,34,75,30,0,59,38.66666667
RESIDENCIAL,ESTRATO 2,28,28,75,18,0,28,29.5
RESIDENCIAL,ESTRATO 2,7,7,26,0,0,28,11.33333333
RESIDENCIAL,ESTRATO 2,4,4,26,3,0,24,10.16666667
RESIDENCIAL,ESTRATO 2,5,5,18,9,0,16,8.833333333
RESIDENCIAL,ESTRATO 2,42,42,63,27,0,55,38.16666667
RESIDENCIAL,ESTRATO 2,4,4,13,6,0,11,6.333333333
RESIDENCIAL,ESTRATO 1,9,9,20,10,0,16,10.66666667
RESIDENCIAL,ESTRATO 2,1,1,6,6,0,26,6.666666667
RESIDENCIAL,ESTRATO 2,16,16,41,20,0,34,21.16666667
RESIDENCIAL,ESTRATO 2,10,10,62,22,0,41,24.16666667
RESIDENCIAL,ESTRATO 2,16,16,78,34,0,63,34.5
RESIDENCIAL,ESTRATO 2,27,27,108,51,0,20,38.83333333
RESIDENCIAL,ESTRATO 2,16,16,56,29,0,54,28.5
RESIDENCIAL,ESTRATO 2,13,13,33,17,0,25,16.83333333
RESIDENCIAL,ESTRATO 2,137,137,291,118,0,289,162
RESIDENCIAL,ESTRATO 2,0,0,0,29,0,0,4.833333333
RESIDENCIAL,ESTRATO 2,41,41,76,52,0,75,47.5
RESIDENCIAL,ESTRATO 2,0,0,15,17,0,22,9
RESIDENCIAL,ESTRATO 2,22,22,58,24,0,37,27.16666667
RESIDENCIAL,ESTRATO 2,9,9,23,10,0,15,11
RESIDENCIAL,ESTRATO 2,19,19,31,20,0,34,20.5
RESIDENCIAL,ESTRATO 2,14,14,27,15,0,30,16.66666667
RESIDENCIAL,ESTRATO 2,8,8,15,8,0,16,9.166666667
RESIDENCIAL,ESTRATO 2,29,29,30,23,0,35,24.33333333
RESIDENCIAL,ESTRATO 2,20,20,66,35,0,54,32.5
RESIDENCIAL,ESTRATO 2,19,19,36,94,0,10,29.66666667
RESIDENCIAL,ESTRATO 2,6,6,73,40,0,46,28.5
RESIDENCIAL,ESTRATO 2,8,8,53,20,0,49,23
RESIDENCIAL,ESTRATO 2,0,0,36,15,0,10,10.16666667
RESIDENCIAL,ESTRATO 2,13,13,16,10,0,19,11.83333333
RESIDENCIAL,ESTRATO 2,7,7,11,4,0,14,7.166666667
RESIDENCIAL,ESTRATO 2,25,25,65,29,0,50,32.33333333
RESIDENCIAL,ESTRATO 2,29,29,87,46,0,0,31.83333333
RESIDENCIAL,ESTRATO 2,26,26,49,29,0,51,30.16666667
RESIDENCIAL,ESTRATO 2,14,14,31,14,0,27,16.66666667
RESIDENCIAL,ESTRATO 2,20,20,39,24,0,49,25.33333333
RESIDENCIAL,ESTRATO 2,8,8,7,2,0,0,4.166666667
RESIDENCIAL,ESTRATO 2,26,26,60,42,0,74,38
RESIDENCIAL,ESTRATO 2,13,13,49,24,0,46,24.16666667
RESIDENCIAL,ESTRATO 2,7,7,77,24,0,37,25.33333333
RESIDENCIAL,ESTRATO 2,13,13,32,15,0,28,16.83333333
RESIDENCIAL,ESTRATO 2,19,19,48,29,0,99,35.66666667
RESIDENCIAL,ESTRATO 2,15,15,29,14,0,26,16.5
RESIDENCIAL,ESTRATO 2,0,0,46,23,0,20,14.83333333
RESIDENCIAL,ESTRATO 2,14,14,56,21,0,45,25
RESIDENCIAL,ESTRATO 2,19,19,38,25,0,53,25.66666667
RESIDENCIAL,ESTRATO 2,98,98,0,1,0,47,40.66666667
RESIDENCIAL,ESTRATO 2,5,5,16,7,0,11,7.333333333
RESIDENCIAL,ESTRATO 2,6,6,23,21,0,10,11
RESIDENCIAL,ESTRATO 2,32,32,50,25,0,48,31.16666667
RESIDENCIAL,ESTRATO 2,0,0,70,24,0,0,15.66666667
RESIDENCIAL,ESTRATO 2,9,9,28,12,0,24,13.66666667
RESIDENCIAL,ESTRATO 2,7,7,20,7,0,3,7.333333333
RESIDENCIAL,ESTRATO 2,19,19,32,22,0,41,22.16666667
RESIDENCIAL,ESTRATO 2,12,12,31,16,0,22,15.5
RESIDENCIAL,ESTRATO 2,20,20,37,18,0,45,23.33333333
RESIDENCIAL,ESTRATO 2,32,32,74,33,0,110,46.83333333
RESIDENCIAL,ESTRATO 2,28,28,111,47,0,0,35.66666667
RESIDENCIAL,ESTRATO 2,48,48,89,40,0,73,49.66666667
RESIDENCIAL,ESTRATO 2,33,33,98,49,0,208,70.16666667
RESIDENCIAL,ESTRATO 2,0,0,93,91,0,47,38.5
RESIDENCIAL,ESTRATO 2,0,0,0,20,0,47,11.16666667
RESIDENCIAL,ESTRATO 1,5,5,14,6,0,12,7
RESIDENCIAL,ESTRATO 2,19,19,61,35,0,60,32.33333333
RESIDENCIAL,ESTRATO 2,4,4,26,17,0,30,13.5
RESIDENCIAL,ESTRATO 2,24,24,26,26,0,0,16.66666667
RESIDENCIAL,ESTRATO 2,25,25,45,41,0,103,39.83333333
RESIDENCIAL,ESTRATO 2,46,46,107,88,0,106,65.5
RESIDENCIAL,ESTRATO 2,10,10,16,10,0,26,12
RESIDENCIAL,ESTRATO 2,18,18,32,18,0,33,19.83333333
RESIDENCIAL,ESTRATO 2,4,4,2,3,0,19,5.333333333
RESIDENCIAL,ESTRATO 2,5,5,48,19,0,38,19.16666667
RESIDENCIAL,ESTRATO 2,105,105,0,1,0,58,44.83333333
RESIDENCIAL,ESTRATO 2,0,0,36,16,0,37,14.83333333
RESIDENCIAL,ESTRATO 2,8,8,23,10,0,17,11
RESIDENCIAL,ESTRATO 2,6,6,7,4,0,8,5.166666667
RESIDENCIAL,ESTRATO 2,18,18,60,27,0,56,29.83333333
RESIDENCIAL,ESTRATO 1.0,24,24,0,1,0,15,10.66666667
RESIDENCIAL,ESTRATO 1.0,35,35,121,69,0,87,57.83333333
RESIDENCIAL,ESTRATO 2,8,8,24,8,0,15,10.5
RESIDENCIAL,ESTRATO 2,18,18,56,21,0,24,22.83333333
RESIDENCIAL,ESTRATO 2,13,13,42,18,0,37,20.5
RESIDENCIAL,ESTRATO 2,24,24,0,4,0,5,9.5
RESIDENCIAL,ESTRATO 2,29,29,64,42,0,52,36
RESIDENCIAL,ESTRATO 2,20,20,46,30,0,51,27.83333333
RESIDENCIAL,ESTRATO 2,5,5,81,7,0,0,16.33333333
RESIDENCIAL,ESTRATO 1.0,23,23,77,35,0,51,34.83333333
RESIDENCIAL,ESTRATO 2,24,24,91,30,0,50,36.5
RESIDENCIAL,ESTRATO 2,0,0,28,31,0,41,16.66666667
RESIDENCIAL,ESTRATO 2,13,13,40,19,0,29,19
RESIDENCIAL,ESTRATO 2,14,14,75,29,0,49,30.16666667
RESIDENCIAL,ESTRATO 2,15,15,45,20,0,41,22.66666667
RESIDENCIAL,ESTRATO 2,39,39,87,22,0,31,36.33333333
RESIDENCIAL,ESTRATO 2,20,20,55,27,0,42,27.33333333
RESIDENCIAL,ESTRATO 2,3,3,6,0,0,1,2.166666667
RESIDENCIAL,ESTRATO 2,11,11,55,18,0,9,17.33333333
RESIDENCIAL,ESTRATO 1.0,14,14,30,15,0,35,18
RESIDENCIAL,ESTRATO 2,22,22,38,2,0,2,14.33333333
RESIDENCIAL,ESTRATO 2,10,10,24,13,0,15,12
RESIDENCIAL,ESTRATO 2,9,9,19,10,0,12,9.833333333
RESIDENCIAL,ESTRATO 2,9,9,3,14,0,16,8.5
RESIDENCIAL,ESTRATO 2,7,7,63,24,0,48,24.83333333
RESIDENCIAL,ESTRATO 2,18,18,21,13,0,65,22.5
RESIDENCIAL,ESTRATO 2,18,18,33,22,0,36,21.16666667
RESIDENCIAL,ESTRATO 1.0,12,12,16,8,0,19,11.16666667
RESIDENCIAL,ESTRATO 2,4,4,25,13,0,24,11.66666667
RESIDENCIAL,ESTRATO 2,35,35,107,81,0,106,60.66666667
RESIDENCIAL,ESTRATO 1.0,12,12,38,11,0,19,15.33333333
RESIDENCIAL,ESTRATO 1.0,31,31,59,21,0,66,34.66666667
RESIDENCIAL,ESTRATO 1.0,9,9,60,51,0,213,57
RESIDENCIAL,ESTRATO 2,8,8,24,9,0,19,11.33333333
RESIDENCIAL,ESTRATO 2,7,7,22,10,0,15,10.16666667
RESIDENCIAL,ESTRATO 2,26,26,167,74,0,255,91.33333333
RESIDENCIAL,ESTRATO 2,22,22,77,33,0,50,34
RESIDENCIAL,ESTRATO 1.0,8,8,38,22,0,37,18.83333333
RESIDENCIAL,ESTRATO 2,19,19,74,24,0,65,33.5
RESIDENCIAL,ESTRATO 2,16,16,40,17,0,28,19.5
RESIDENCIAL,ESTRATO 2,28,28,40,20,0,0,19.33333333
RESIDENCIAL,ESTRATO 2,4,4,22,6,0,23,9.833333333
RESIDENCIAL,ESTRATO 2,21,21,17,4,0,20,13.83333333
RESIDENCIAL,ESTRATO 2,16,16,40,19,0,31,20.33333333
RESIDENCIAL,ESTRATO 2,6,6,11,8,0,14,7.5
RESIDENCIAL,ESTRATO 2,4,4,13,5,0,10,6
RESIDENCIAL,ESTRATO 2,14,14,58,26,0,21,22.16666667
RESIDENCIAL,ESTRATO 2,15,15,22,3,0,33,14.66666667
RESIDENCIAL,ESTRATO 1.0,13,13,34,14,0,30,17.33333333
RESIDENCIAL,ESTRATO 2,12,12,31,17,0,27,16.5
RESIDENCIAL,ESTRATO 2,9,9,26,13,0,34,15.16666667
RESIDENCIAL,ESTRATO 2,31,31,75,18,0,164,53.16666667
RESIDENCIAL,ESTRATO 2,10,10,54,17,0,33,20.66666667
RESIDENCIAL,ESTRATO 2,10,10,33,13,0,26,15.33333333
RESIDENCIAL,ESTRATO 2,16,16,28,15,0,44,19.83333333
RESIDENCIAL,ESTRATO 1.0,0,0,0,1,0,5,1
RESIDENCIAL,ESTRATO 1.0,13,13,57,20,0,36,23.16666667
RESIDENCIAL,ESTRATO 1.0,12,12,33,18,0,44,19.83333333
RESIDENCIAL,ESTRATO 2,11,11,38,26,0,47,22.16666667
RESIDENCIAL,ESTRATO 2,15,15,35,13,0,30,18
RESIDENCIAL,ESTRATO 2,13,13,27,2,0,12,11.16666667
RESIDENCIAL,ESTRATO 2,0,0,0,0,0,0,0
RESIDENCIAL,ESTRATO 2,0,0,0,0,0,0,0
RESIDENCIAL,ESTRATO 2,6,6,35,11,0,18,12.66666667
RESIDENCIAL,ESTRATO 2,21,21,48,23,0,40,25.5
RESIDENCIAL,ESTRATO 2,5,5,11,3,0,3,4.5
RESIDENCIAL,ESTRATO 2,7,7,40,19,0,24,16.16666667
RESIDENCIAL,ESTRATO 2,1,1,0,0,0,3,0.8333333333
RESIDENCIAL,ESTRATO 2,14,14,34,15,0,23,16.66666667
RESIDENCIAL,ESTRATO 2,6,6,2,7,0,15,6
RESIDENCIAL,ESTRATO 2,38,41,41,42,36,16,35.66666667
RESIDENCIAL,ESTRATO 2,2,24,0,0,0,0,4.333333333
RESIDENCIAL,ESTRATO 2,17,19,0,40,23,24,20.5
RESIDENCIAL,ESTRATO 2,4,13,23,20,19,19,16.33333333
RESIDENCIAL,ESTRATO 2,7,7,8,5,9,6,7
RESIDENCIAL,ESTRATO 2,21,19,19,23,15,19,19.33333333
RESIDENCIAL,ESTRATO 2,10,10,8,16,12,21,12.83333333
RESIDENCIAL,ESTRATO 2,0,0,0,0,0,0,0
RESIDENCIAL,ESTRATO 2,3,4,3,5,4,5,4
RESIDENCIAL,ESTRATO 2,1,1,3,4,4,6,3.166666667
RESIDENCIAL,ESTRATO 2,19,21,24,26,18,27,22.5
RESIDENCIAL,ESTRATO 2,28,27,27,33,20,27,27
RESIDENCIAL,ESTRATO 2,7,9,24,11,12,13,12.66666667
RESIDENCIAL,ESTRATO 2,47,53,47,42,32,36,42.83333333
RESIDENCIAL,ESTRATO 2,19,18,17,17,16,20,17.83333333
RESIDENCIAL,ESTRATO 2,13,11,9,12,15,15,12.5
RESIDENCIAL,ESTRATO 2,16,16,16,18,14,19,16.5
RESIDENCIAL,ESTRATO 2,17,14,15,10,12,15,13.83333333
RESIDENCIAL,ESTRATO 2,0,18,0,0,0,0,3
RESIDENCIAL,ESTRATO 2,27,0,49,25,24,27,25.33333333
RESIDENCIAL,ESTRATO 2,86,108,139,166,78,90,111.1666667
RESIDENCIAL,ESTRATO 2,9,15,14,13,10,10,11.83333333
RESIDENCIAL,ESTRATO 2,13,16,15,14,15,1,12.33333333
RESIDENCIAL,ESTRATO 2,8,9,10,11,5,8,8.5
RESIDENCIAL,ESTRATO 2,4,17,16,20,18,22,16.16666667
RESIDENCIAL,ESTRATO 2,45,41,45,54,43,51,46.5
RESIDENCIAL,ESTRATO 2,12,12,11,12,10,15,12
RESIDENCIAL,ESTRATO 2,33,18,16,25,21,21,22.33333333
RESIDENCIAL,ESTRATO 2,6,6,6,7,6,7,6.333333333
RESIDENCIAL,ESTRATO 2,17,15,17,19,12,103,30.5
RESIDENCIAL,ESTRATO 2,0,26,45,38,38,44,31.83333333
RESIDENCIAL,ESTRATO 2,20,21,28,43,28,53,32.16666667
RESIDENCIAL,ESTRATO 1,13,13,13,12,11,14,12.66666667
RESIDENCIAL,ESTRATO 3,1,0,6,15,8,16,7.666666667
RESIDENCIAL,ESTRATO 3,17,15,15,14,10,14,14.16666667
RESIDENCIAL,ESTRATO 3,21,19,20,18,19,18,19.16666667
RESIDENCIAL,ESTRATO 3,12,8,11,20,17,7,12.5
RESIDENCIAL,ESTRATO 3,5,13,9,10,10,10,9.5
RESIDENCIAL,ESTRATO 3,23,20,19,21,19,29,21.83333333
RESIDENCIAL,ESTRATO 3,15,14,16,14,14,18,15.16666667
RESIDENCIAL,ESTRATO 1,20,15,18,18,19,16,17.66666667
RESIDENCIAL,ESTRATO 2,30,27,36,32,25,35,30.83333333
RESIDENCIAL,ESTRATO 2,38,31,25,27,25,33,29.83333333
RESIDENCIAL,ESTRATO 2,68,63,50,14,3,2,33.33333333
RESIDENCIAL,ESTRATO 2,3,2,6,35,20,43,18.16666667
RESIDENCIAL,ESTRATO 2,27,31,28,31,30,34,30.16666667
RESIDENCIAL,ESTRATO 2,22,13,20,53,36,40,30.66666667
RESIDENCIAL,ESTRATO 2,32,34,55,105,79,142,74.5
RESIDENCIAL,ESTRATO 2,509,0,491,0,475,491,327.6666667
RESIDENCIAL,ESTRATO 2,22,27,24,34,29,32,28
RESIDENCIAL,ESTRATO 4,25,25,27,15,18,20,21.66666667
RESIDENCIAL,ESTRATO 2,4,2,2,4,3,4,3.166666667
RESIDENCIAL,ESTRATO 2,21,16,17,26,21,22,20.5
RESIDENCIAL,ESTRATO 2,77,71,81,103,57,79,78
RESIDENCIAL,ESTRATO 2,0,0,0,5,0,6,1.833333333
RESIDENCIAL,ESTRATO 2,24,18,20,25,22,31,23.33333333
RESIDENCIAL,ESTRATO 2,9,9,11,72,15,12,21.33333333
RESIDENCIAL,ESTRATO 2,21,21,33,42,24,46,31.16666667
RESIDENCIAL,ESTRATO 2,2,3,2,4,2,6,3.166666667
RESIDENCIAL,ESTRATO 2,27,21,13,28,13,92,32.33333333
RESIDENCIAL,ESTRATO 2,20,105,120,83,53,80,76.83333333
RESIDENCIAL,ESTRATO 2,7,8,8,9,11,10,8.833333333
RESIDENCIAL,ESTRATO 2,17,16,17,23,19,24,19.33333333
RESIDENCIAL,ESTRATO 2,54,40,47,64,43,68,52.66666667
RESIDENCIAL,ESTRATO 2,17,16,14,19,15,22,17.16666667
RESIDENCIAL,ESTRATO 2,22,38,35,33,44,34,34.33333333
RESIDENCIAL,ESTRATO 2,1,3,1,2,2,1,1.666666667
RESIDENCIAL,ESTRATO 2,0,55,28,27,37,37,30.66666667
RESIDENCIAL,ESTRATO 2,17,17,15,18,12,21,16.66666667
RESIDENCIAL,ESTRATO 2,63,52,51,63,46,59,55.66666667
RESIDENCIAL,ESTRATO 2,4,3,0,0,0,1,1.333333333
RESIDENCIAL,ESTRATO 2,33,33,35,37,28,33,33.16666667
RESIDENCIAL,ESTRATO 2,25,23,24,24,19,22,22.83333333
RESIDENCIAL,ESTRATO 2,55,59,79,115,82,107,82.83333333
RESIDENCIAL,ESTRATO 2,20,16,13,15,9,15,14.66666667
RESIDENCIAL,ESTRATO 2,12,26,21,34,15,22,21.66666667
RESIDENCIAL,ESTRATO 2,20,9,18,28,18,13,17.66666667
RESIDENCIAL,ESTRATO 1.0,36,33,47,32,34,82,44
RESIDENCIAL,ESTRATO 2,30,28,31,26,23,28,27.66666667
RESIDENCIAL,ESTRATO 2,7,5,8,8,7,12,7.833333333
RESIDENCIAL,ESTRATO 2,7,8,8,9,9,3,7.333333333
RESIDENCIAL,ESTRATO 2,19,15,17,26,16,18,18.5
RESIDENCIAL,ESTRATO 2,7,8,15,31,16,45,20.33333333
RESIDENCIAL,ESTRATO 2,9,9,12,10,8,10,9.666666667
RESIDENCIAL,ESTRATO 2,10,9,12,10,14,14,11.5
RESIDENCIAL,ESTRATO 2,11,11,10,12,9,12,10.83333333
RESIDENCIAL,ESTRATO 2,35,24,41,41,39,24,34
RESIDENCIAL,ESTRATO 2,19,17,15,17,13,15,16
RESIDENCIAL,ESTRATO 2,12,13,15,9,6,11,11
RESIDENCIAL,ESTRATO 4,227,197,153,154,210,224,194.1666667
RESIDENCIAL,ESTRATO 3,15,15,19,21,16,25,18.5
RESIDENCIAL,ESTRATO 3,0,2,14,17,14,12,9.833333333
RESIDENCIAL,ESTRATO 2,22,21,18,25,18,15,19.83333333
RESIDENCIAL,ESTRATO 3,0,0,1,3,16,35,9.166666667
RESIDENCIAL,ESTRATO 3,7,6,6,6,10,29,10.66666667
RESIDENCIAL,ESTRATO 2,23,24,28,32,27,31,27.5
RESIDENCIAL,ESTRATO 3,27,23,34,50,0,0,22.33333333
RESIDENCIAL,ESTRATO 3,18,10,22,58,20,20,24.66666667
RESIDENCIAL,ESTRATO 3,0,0,0,1,0,4,0.8333333333
RESIDENCIAL,ESTRATO 2,81,15,12,15,21,36,30
RESIDENCIAL,ESTRATO 3,12,10,1,22,24,25,15.66666667
RESIDENCIAL,ESTRATO 3,11,4,8,10,9,11,8.833333333
RESIDENCIAL,ESTRATO 3,30,27,36,31,33,29,31
RESIDENCIAL,ESTRATO 3,7,11,7,7,8,14,9
RESIDENCIAL,ESTRATO 3,17,14,13,14,13,18,14.83333333
RESIDENCIAL,ESTRATO 3,39,30,37,34,29,43,35.33333333
RESIDENCIAL,ESTRATO 3,35,34,133,0,20,52,45.66666667
RESIDENCIAL,ESTRATO 3,19,19,22,28,19,29,22.66666667
RESIDENCIAL,ESTRATO 3,31,29,28,27,28,49,32
RESIDENCIAL,ESTRATO 2,41,30,13,14,17,24,23.16666667
RESIDENCIAL,ESTRATO 2,25,15,23,25,27,27,23.66666667
RESIDENCIAL,ESTRATO 2,27,18,45,26,25,11,25.33333333
RESIDENCIAL,ESTRATO 2,32,27,29,35,25,24,28.66666667
RESIDENCIAL,ESTRATO 2,135,146,133,172,85,71,123.6666667
RESIDENCIAL,ESTRATO 2,8,7,6,8,7,10,7.666666667
RESIDENCIAL,ESTRATO 2,33,36,33,41,31,49,37.16666667
RESIDENCIAL,ESTRATO 2,18,17,18,16,12,18,16.5
RESIDENCIAL,ESTRATO 2,7,6,7,7,8,8,7.166666667
RESIDENCIAL,ESTRATO 2,31,32,27,30,36,38,32.33333333
RESIDENCIAL,ESTRATO 2,24,25,33,0,41,0,20.5
RESIDENCIAL,ESTRATO 2,0,26,0,162,12,19,36.5
RESIDENCIAL,ESTRATO 2,22,18,20,0,71,48,29.83333333
RESIDENCIAL,ESTRATO 2,11,12,10,12,12,17,12.33333333
RESIDENCIAL,ESTRATO 2,2,1,2,3,2,2,2
RESIDENCIAL,ESTRATO 2,21,20,19,33,14,27,22.33333333
RESIDENCIAL,ESTRATO 2,16,15,0,207,20,29,47.83333333
RESIDENCIAL,ESTRATO 2,29,15,16,16,16,19,18.5
RESIDENCIAL,ESTRATO 2,18,21,22,22,17,9,18.16666667
RESIDENCIAL,ESTRATO 2,36,39,36,42,25,27,34.16666667
RESIDENCIAL,ESTRATO 2,12,13,13,18,15,15,14.33333333
RESIDENCIAL,ESTRATO 2,29,27,30,0,63,27,29.33333333
RESIDENCIAL,ESTRATO 2,19,16,15,14,73,0,22.83333333
RESIDENCIAL,ESTRATO 2,16,19,20,20,15,23,18.83333333
RESIDENCIAL,ESTRATO 2,19,18,15,16,16,20,17.33333333
RESIDENCIAL,ESTRATO 2,10,13,10,7,9,15,10.66666667
RESIDENCIAL,ESTRATO 2,10,13,11,13,9,14,11.66666667
RESIDENCIAL,ESTRATO 2,18,23,23,27,27,35,25.5
RESIDENCIAL,ESTRATO 2,15,13,10,23,18,15,15.66666667
RESIDENCIAL,ESTRATO 2,4,10,7,17,14,12,10.66666667
RESIDENCIAL,ESTRATO 2,15,12,9,17,11,9,12.16666667
RESIDENCIAL,ESTRATO 2,20,15,13,38,25,30,23.5
RESIDENCIAL,ESTRATO 3,15,19,9,14,28,15,16.66666667
RESIDENCIAL,ESTRATO 3,46,36,26,56,42,31,39.5
RESIDENCIAL,ESTRATO 3,42,31,26,49,39,37,37.33333333
RESIDENCIAL,ESTRATO 2,12,16,13,26,26,22,19.16666667
RESIDENCIAL,ESTRATO 3,9,12,18,18,14,15,14.33333333
RESIDENCIAL,ESTRATO 3,28,15,13,21,19,8,17.33333333
RESIDENCIAL,ESTRATO 3,17,28,14,41,33,39,28.66666667
RESIDENCIAL,ESTRATO 2,103,64,52,138,0,29,64.33333333
RESIDENCIAL,ESTRATO 3,12,32,12,33,36,10,22.5
RESIDENCIAL,ESTRATO 3,8,4,2,25,23,44,17.66666667
RESIDENCIAL,ESTRATO 3,8,5,7,22,21,22,14.16666667
RESIDENCIAL,ESTRATO 3,7,0,7,8,0,7,4.833333333
RESIDENCIAL,ESTRATO 4,6,10,0,311,19,73,69.83333333
RESIDENCIAL,ESTRATO 4,13,7,6,14,12,12,10.66666667
RESIDENCIAL,ESTRATO 4,36,38,30,51,35,36,37.66666667
RESIDENCIAL,ESTRATO 4,49,41,32,59,57,48,47.66666667
RESIDENCIAL,ESTRATO 3,13,0,0,0,0,0,2.166666667
RESIDENCIAL,ESTRATO 4,8,9,4,10,10,5,7.666666667
RESIDENCIAL,ESTRATO 4,0,10,3,6,11,16,7.666666667
RESIDENCIAL,ESTRATO 4,1,40,109,271,154,52,104.5
RESIDENCIAL,ESTRATO 4,2,1,1,2,1,2,1.5
RESIDENCIAL,ESTRATO 4,0,0,0,0,0,0,0
RESIDENCIAL,ESTRATO 4,21,17,13,26,26,36,23.16666667
RESIDENCIAL,ESTRATO 3,23,18,0,486,27,25,96.5
RESIDENCIAL,ESTRATO 4,28,9,10,24,9,9,14.83333333
RESIDENCIAL,ESTRATO 4,84,19,14,30,25,13,30.83333333
RESIDENCIAL,ESTRATO 3,9,12,7,13,17,13,11.83333333
RESIDENCIAL,ESTRATO 3,0,0,0,0,0,0,0
RESIDENCIAL,ESTRATO 3,7,0,0,8,26,15,9.333333333
RESIDENCIAL,ESTRATO 3,0,4,2,4,3,3,2.666666667
RESIDENCIAL,ESTRATO 4,9,10,8,23,20,18,14.66666667
RESIDENCIAL,ESTRATO 3,25,16,12,22,23,22,20
RESIDENCIAL,ESTRATO 4,1,0,1,1,1,1,0.8333333333
RESIDENCIAL,ESTRATO 3,5,5,4,7,9,18,8
RESIDENCIAL,ESTRATO 3,0,0,36,36,33,31,22.66666667
RESIDENCIAL,ESTRATO 4,73,47,45,61,207,142,95.83333333
RESIDENCIAL,ESTRATO 3,20,14,11,20,31,28,20.66666667
RESIDENCIAL,ESTRATO 3,7,6,5,10,8,6,7
RESIDENCIAL,ESTRATO 3,8,15,10,33,19,20,17.5
RESIDENCIAL,ESTRATO 3,9,23,17,6,12,6,12.16666667
RESIDENCIAL,ESTRATO 3,20,21,14,28,24,17,20.66666667
RESIDENCIAL,ESTRATO 3,2,5,3,5,2,3,3.333333333
RESIDENCIAL,ESTRATO 2,10,18,11,25,22,12,16.33333333
RESIDENCIAL,ESTRATO 2,4,16,10,24,7,9,11.66666667
RESIDENCIAL,ESTRATO 2,1,6,5,175,98,18,50.5
RESIDENCIAL,ESTRATO 2,29,24,17,39,26,24,26.5
RESIDENCIAL,ESTRATO 2,27,28,27,37,37,28,30.66666667
RESIDENCIAL,ESTRATO 2,54,12,13,18,15,8,20
RESIDENCIAL,ESTRATO 2,27,29,20,37,28,20,26.83333333
RESIDENCIAL,ESTRATO 2,5,7,12,37,37,33,21.83333333
RESIDENCIAL,ESTRATO 2,38,36,18,36,22,42,32
RESIDENCIAL,ESTRATO 2,27,22,18,32,28,35,27
RESIDENCIAL,ESTRATO 2,40,38,30,54,51,44,42.83333333
RESIDENCIAL,ESTRATO 2,4,8,6,13,11,12,9
RESIDENCIAL,ESTRATO 2,61,29,21,48,18,52,38.16666667
RESIDENCIAL,ESTRATO 2,50,47,11,42,30,50,38.33333333
RESIDENCIAL,ESTRATO 2,13,8,7,13,11,11,10.5
RESIDENCIAL,ESTRATO 3,70,65,52,112,71,49,69.83333333
RESIDENCIAL,ESTRATO 2,32,27,19,44,24,23,28.16666667
RESIDENCIAL,ESTRATO 2,17,22,11,19,26,19,19
RESIDENCIAL,ESTRATO 2,48,35,24,49,43,43,40.33333333
RESIDENCIAL,ESTRATO 3,7,14,10,17,13,10,11.83333333
RESIDENCIAL,ESTRATO 3,15,36,31,73,30,52,39.5
RESIDENCIAL,ESTRATO 3,4,10,10,16,17,12,11.5
RESIDENCIAL,ESTRATO 3,2,5,3,4,4,3,3.5
RESIDENCIAL,ESTRATO 3,3,6,5,10,11,7,7
RESIDENCIAL,ESTRATO 4,2,13,7,12,19,11,10.66666667
RESIDENCIAL,ESTRATO 4,26,21,20,182,73,200,87
RESIDENCIAL,ESTRATO 3,25,4,34,32,46,26,27.83333333
RESIDENCIAL,ESTRATO 3,13,14,11,21,15,11,14.16666667
RESIDENCIAL,ESTRATO 2,1,0,0,3,0,1,0.8333333333
RESIDENCIAL,ESTRATO 2,34,34,29,42,55,30,37.33333333
RESIDENCIAL,ESTRATO 2,8,3,2,5,1,7,4.333333333
RESIDENCIAL,ESTRATO 2,3,9,8,17,15,14,11
RESIDENCIAL,ESTRATO 2,3,3,0,3,2,5,2.666666667
RESIDENCIAL,ESTRATO 2,12,12,10,19,13,10,12.66666667
RESIDENCIAL,ESTRATO 2,0,0,0,2,4,7,2.166666667
RESIDENCIAL,ESTRATO 2,14,22,22,73,44,45,36.66666667
RESIDENCIAL,ESTRATO 2,130,0,0,1,0,0,21.83333333
RESIDENCIAL,ESTRATO 2,14,28,22,56,41,38,33.16666667
RESIDENCIAL,ESTRATO 2,0,0,0,17,11,8,6
RESIDENCIAL,ESTRATO 2,5,3,1,12,13,17,8.5
RESIDENCIAL,ESTRATO 2,5,12,2,14,18,17,11.33333333
RESIDENCIAL,ESTRATO 3,1,7,15,22,14,13,12
RESIDENCIAL,ESTRATO 3,1,16,40,8,3,0,11.33333333
RESIDENCIAL,ESTRATO 2,6,10,14,15,13,13,11.83333333
RESIDENCIAL,ESTRATO 3,129,18,15,49,29,45,47.5
RESIDENCIAL,ESTRATO 3,9,8,7,14,11,9,9.666666667
RESIDENCIAL,ESTRATO 3,10,21,12,23,20,17,17.16666667
RESIDENCIAL,ESTRATO 3,64,52,40,93,67,47,60.5
RESIDENCIAL,ESTRATO 3,29,26,16,43,38,39,31.83333333
RESIDENCIAL,ESTRATO 2,4,0,3,3,3,1,2.333333333
RESIDENCIAL,ESTRATO 2,36,23,16,18,14,19,21
RESIDENCIAL,ESTRATO 2,21,36,17,38,30,24,27.66666667
RESIDENCIAL,ESTRATO 2,3,17,8,28,13,15,14
RESIDENCIAL,ESTRATO 2,28,29,9,25,22,17,21.66666667
RESIDENCIAL,ESTRATO 2,3,24,15,34,29,33,23
RESIDENCIAL,ESTRATO 2,43,25,15,47,27,24,30.16666667
RESIDENCIAL,ESTRATO 3,36,27,22,50,54,27,36
RESIDENCIAL,ESTRATO 2,19,17,12,24,21,15,18
RESIDENCIAL,ESTRATO 3,18,19,14,33,24,23,21.83333333
RESIDENCIAL,ESTRATO 3,10,17,11,21,14,12,14.16666667
RESIDENCIAL,ESTRATO 3,9,17,12,29,21,28,19.33333333
RESIDENCIAL,ESTRATO 3,4,16,19,80,67,26,35.33333333
RESIDENCIAL,ESTRATO 3,23,28,24,40,37,30,30.33333333
RESIDENCIAL,ESTRATO 3,0,0,0,2,18,14,5.666666667
RESIDENCIAL,ESTRATO 3,9,9,8,46,20,38,21.66666667
RESIDENCIAL,ESTRATO 3,10,9,10,17,14,11,11.83333333
RESIDENCIAL,ESTRATO 3,7,11,7,16,16,11,11.33333333
RESIDENCIAL,ESTRATO 3,0,12,9,28,19,18,14.33333333
RESIDENCIAL,ESTRATO 3,6,5,3,7,6,5,5.333333333
RESIDENCIAL,ESTRATO 4,0,1,8,11,26,23,11.5
RESIDENCIAL,ESTRATO 3,1,1,1,2,1,1,1.166666667
RESIDENCIAL,ESTRATO 4,1,1,0,2,1,1,1
RESIDENCIAL,ESTRATO 4,12,5,2,4,2,2,4.5
RESIDENCIAL,ESTRATO 4,190,100,25,204,153,154,137.6666667
RESIDENCIAL,ESTRATO 3,0,0,0,0,0,0,0
RESIDENCIAL,ESTRATO 3,9,26,18,29,28,24,22.33333333
RESIDENCIAL,ESTRATO 4,58,41,53,119,99,82,75.33333333
RESIDENCIAL,ESTRATO 3,16,23,19,32,45,32,27.83333333
RESIDENCIAL,ESTRATO 3,2,15,9,23,18,21,14.66666667
RESIDENCIAL,ESTRATO 3,21,19,12,9,13,12,14.33333333
RESIDENCIAL,ESTRATO 3,7,17,12,22,17,14,14.83333333
RESIDENCIAL,ESTRATO 4,27,26,20,43,33,30,29.83333333
RESIDENCIAL,ESTRATO 3,1,0,13,26,12,8,10
RESIDENCIAL,ESTRATO 3,6,25,11,31,22,20,19.16666667
RESIDENCIAL,ESTRATO 3,3,2,20,9,0,0,5.666666667
RESIDENCIAL,ESTRATO 3,30,39,29,35,39,34,34.33333333
RESIDENCIAL,ESTRATO 3,1,0,0,0,0,0,0.1666666667
RESIDENCIAL,ESTRATO 3,40,40,29,61,43,45,43
RESIDENCIAL,ESTRATO 3,1,0,1,1,2,3,1.333333333
RESIDENCIAL,ESTRATO 3,66,71,56,116,110,36,75.83333333
RESIDENCIAL,ESTRATO 3,14,10,8,14,8,0,9
RESIDENCIAL,ESTRATO 3,130,31,29,53,32,23,49.66666667
RESIDENCIAL,ESTRATO 3,21,34,13,43,30,24,27.5
RESIDENCIAL,ESTRATO 2,87,91,70,172,125,128,112.1666667
RESIDENCIAL,ESTRATO 2,0,0,0,17,0,0,2.833333333
RESIDENCIAL,ESTRATO 2,19,29,34,14,39,18,25.5
RESIDENCIAL,ESTRATO 2,16,21,17,26,28,27,22.5
RESIDENCIAL,ESTRATO 2,19,23,14,40,32,29,26.16666667
RESIDENCIAL,ESTRATO 2,0,0,0,0,0,0,0
RESIDENCIAL,ESTRATO 2,9,16,11,15,16,16,13.83333333
RESIDENCIAL,ESTRATO 2,7,14,11,24,21,17,15.66666667
RESIDENCIAL,ESTRATO 2,17,14,10,18,22,16,16.16666667
RESIDENCIAL,ESTRATO 2,32,6,4,17,7,15,13.5
RESIDENCIAL,ESTRATO 3,23,21,17,41,24,20,24.33333333
RESIDENCIAL,ESTRATO 3,1,1,1,3,8,7,3.5
RESIDENCIAL,ESTRATO 3,6,5,3,14,13,10,8.5
RESIDENCIAL,ESTRATO 2,11,8,9,20,13,13,12.33333333
RESIDENCIAL,ESTRATO 2,20,18,29,30,25,7,21.5
RESIDENCIAL,ESTRATO 4,0,2,3,5,3,1,2.333333333
RESIDENCIAL,ESTRATO 2,5,13,7,16,14,10,10.83333333
RESIDENCIAL,ESTRATO 2,22,25,11,23,25,22,21.33333333
RESIDENCIAL,ESTRATO 2,52,30,26,37,26,32,33.83333333
RESIDENCIAL,ESTRATO 2,44,31,38,49,35,42,39.83333333
RESIDENCIAL,ESTRATO 2,13,5,7,8,6,12,8.5
RESIDENCIAL,ESTRATO 2,19,8,8,3,2,1,6.833333333
RESIDENCIAL,ESTRATO 2,16,11,8,11,0,17,10.5
RESIDENCIAL,ESTRATO 2,10,11,17,21,16,16,15.16666667
RESIDENCIAL,ESTRATO 2,23,9,13,17,14,47,20.5
RESIDENCIAL,ESTRATO 2,70,26,37,44,38,35,41.66666667
RESIDENCIAL,ESTRATO 2,65,47,57,68,46,72,59.16666667
RESIDENCIAL,ESTRATO 2,0,0,0,0,0,0,0
RESIDENCIAL,ESTRATO 2,0,0,0,0,0,0,0
RESIDENCIAL,ESTRATO 2,0,0,0,0,0,0,0
RESIDENCIAL,ESTRATO 2,0,0,0,0,0,0,0
RESIDENCIAL,ESTRATO 2,0,0,0,0,0,0,0
RESIDENCIAL,ESTRATO 2,0,0,0,0,0,0,0
RESIDENCIAL,ESTRATO 2,39,9,10,23,6,11,16.33333333
RESIDENCIAL,ESTRATO 2,0,0,0,0,0,0,0
RESIDENCIAL,ESTRATO 2,0,0,0,0,0,0,0
RESIDENCIAL,ESTRATO 2,0,0,0,0,0,0,0
RESIDENCIAL,ESTRATO 2,0,0,0,0,0,0,0
RESIDENCIAL,ESTRATO 2,0,0,0,0,0,0,0
RESIDENCIAL,ESTRATO 2,0,0,0,0,0,0,0
RESIDENCIAL,ESTRATO 2,0,0,0,0,0,0,0
RESIDENCIAL,ESTRATO 2,16,22,11,34,13,8,17.33333333
RESIDENCIAL,ESTRATO 2,4,0,1,0,0,0,0.8333333333
RESIDENCIAL,ESTRATO 2,3,2,5,2,6,6,4
RESIDENCIAL,ESTRATO 2,24,3,45,37,82,29,36.66666667
RESIDENCIAL,ESTRATO 2,13,7,5,7,3,2,6.166666667
RESIDENCIAL,ESTRATO 2,49,31,58,57,42,18,42.5
RESIDENCIAL,ESTRATO 2,11,11,15,25,20,12,15.66666667
RESIDENCIAL,ESTRATO 2,11,6,13,6,96,70,33.66666667
RESIDENCIAL,ESTRATO 2,34,20,20,27,20,19,23.33333333
RESIDENCIAL,ESTRATO 2,6,3,5,7,10,8,6.5
RESIDENCIAL,ESTRATO 2,13,11,15,21,15,23,16.33333333
RESIDENCIAL,ESTRATO 2,38,34,43,1,1,1,19.66666667
RESIDENCIAL,ESTRATO 2,91,81,171,167,170,93,128.8333333
RESIDENCIAL,ESTRATO 2,1,10,0,1,0,0,2
RESIDENCIAL,ESTRATO 2,2,0,2,1,2,3,1.666666667
RESIDENCIAL,ESTRATO 2,0,1,5,12,2,0,3.333333333
RESIDENCIAL,ESTRATO 2,1,0,1,1,0,1,0.6666666667
RESIDENCIAL,ESTRATO 2,11,12,16,19,40,2,16.66666667
RESIDENCIAL,ESTRATO 2,3,6,1,1,0,8,3.166666667
RESIDENCIAL,ESTRATO 2,24,52,112,56,215,75,89
RESIDENCIAL,ESTRATO 2,1,1,1,1,0,1,0.8333333333
RESIDENCIAL,ESTRATO 2,23,3,4,5,3,4,7
RESIDENCIAL,ESTRATO 2,8,6,7,9,2,4,6
RESIDENCIAL,ESTRATO 2,69,49,65,26,111,37,59.5
RESIDENCIAL,ESTRATO 2,1,0,0,1,0,1,0.5
RESIDENCIAL,ESTRATO 2,1,0,1,0,2,3,1.166666667
RESIDENCIAL,ESTRATO 2,13,11,12,15,10,10,11.83333333
RESIDENCIAL,ESTRATO 2,16,11,11,17,13,15,13.83333333
RESIDENCIAL,ESTRATO 2,19,11,14,21,17,4,14.33333333
RESIDENCIAL,ESTRATO 2,5,4,6,7,5,0,4.5
RESIDENCIAL,ESTRATO 2,23,20,18,34,16,25,22.66666667
RESIDENCIAL,ESTRATO 2,21,18,18,14,10,21,17
RESIDENCIAL,ESTRATO 2,0,3,0,10,0,0,2.166666667
RESIDENCIAL,ESTRATO 2,12,10,12,17,9,14,12.33333333
RESIDENCIAL,ESTRATO 2,47,48,52,40,18,46,41.83333333
RESIDENCIAL,ESTRATO 2,0,5,8,1,1,1,2.666666667
RESIDENCIAL,ESTRATO 2,20,13,8,14,8,1,10.66666667
RESIDENCIAL,ESTRATO 2,26,5,59,57,15,26,31.33333333
RESIDENCIAL,ESTRATO 2,9,7,12,6,20,19,12.16666667
RESIDENCIAL,ESTRATO 2,18,14,15,15,12,16,15
RESIDENCIAL,ESTRATO 2,25,19,24,35,25,31,26.5
RESIDENCIAL,ESTRATO 2,10,7,12,11,9,18,11.16666667
RESIDENCIAL,ESTRATO 2,68,52,72,92,43,15,57
RESIDENCIAL,ESTRATO 2,0,0,0,0,0,5,0.8333333333
RESIDENCIAL,ESTRATO 2,33,25,52,55,13,15,32.16666667
RESIDENCIAL,ESTRATO 2,10,14,9,12,9,8,10.33333333
RESIDENCIAL,ESTRATO 2,25,12,11,15,14,16,15.5
RESIDENCIAL,ESTRATO 2,18,15,14,19,13,21,16.66666667
RESIDENCIAL,ESTRATO 2,24,12,14,19,14,12,15.83333333
RESIDENCIAL,ESTRATO 2,4,5,10,16,21,10,11
RESIDENCIAL,ESTRATO 2,8,6,6,7,7,21,9.166666667
RESIDENCIAL,ESTRATO 2,21,119,0,0,0,0,23.33333333
RESIDENCIAL,ESTRATO 2,6,5,8,11,7,14,8.5
RESIDENCIAL,ESTRATO 2,9,8,8,7,13,31,12.66666667
RESIDENCIAL,ESTRATO 2,12,9,12,15,10,11,11.5
RESIDENCIAL,ESTRATO 2,15,10,19,24,13,17,16.33333333
RESIDENCIAL,ESTRATO 2,0,0,0,0,18,11,4.833333333
RESIDENCIAL,ESTRATO 2,15,11,20,20,11,18,15.83333333
RESIDENCIAL,ESTRATO 2,4,3,4,3,2,4,3.333333333
RESIDENCIAL,ESTRATO 2,6,8,6,10,8,12,8.333333333
RESIDENCIAL,ESTRATO 2,17,17,15,22,14,19,17.33333333
RESIDENCIAL,ESTRATO 2,9,10,11,15,13,20,13
RESIDENCIAL,ESTRATO 2,15,10,9,8,8,9,9.833333333
RESIDENCIAL,ESTRATO 2,24,22,18,28,22,45,26.5
RESIDENCIAL,ESTRATO 2,27,19,22,25,25,48,27.66666667
RESIDENCIAL,ESTRATO 2,8,9,3,1,3,1,4.166666667
RESIDENCIAL,ESTRATO 2,6,2,3,22,4,10,7.833333333
RESIDENCIAL,ESTRATO 2,34,28,30,32,24,14,27
RESIDENCIAL,ESTRATO 2,7,6,6,4,4,1,4.666666667
RESIDENCIAL,ESTRATO 2,12,10,9,19,15,21,14.33333333
RESIDENCIAL,ESTRATO 2,2,9,10,12,16,16,10.83333333
RESIDENCIAL,ESTRATO 2,19,11,16,18,21,41,21
RESIDENCIAL,ESTRATO 2,16,13,14,22,6,11,13.66666667
RESIDENCIAL,ESTRATO 2,25,24,30,39,24,37,29.83333333
RESIDENCIAL,ESTRATO 2,10,8,8,10,10,15,10.16666667
RESIDENCIAL,ESTRATO 2,23,19,17,27,26,25,22.83333333
RESIDENCIAL,ESTRATO 2,6,5,9,1,2,3,4.333333333
RESIDENCIAL,ESTRATO 2,25,7,30,24,19,23,21.33333333
RESIDENCIAL,ESTRATO 2,16,13,16,19,15,15,15.66666667
RESIDENCIAL,ESTRATO 2,6,2,5,1,0,0,2.333333333
RESIDENCIAL,ESTRATO 2,19,4,27,19,11,17,16.16666667
RESIDENCIAL,ESTRATO 2,22,16,21,8,30,9,17.66666667
RESIDENCIAL,ESTRATO 2,12,9,16,20,18,22,16.16666667
RESIDENCIAL,ESTRATO 2,18,14,51,50,6,30,28.16666667
RESIDENCIAL,ESTRATO 2,10,10,10,12,10,13,10.83333333
RESIDENCIAL,ESTRATO 2,12,8,12,15,14,13,12.33333333
RESIDENCIAL,ESTRATO 2,12,10,11,13,9,11,11
RESIDENCIAL,ESTRATO 2,16,2,18,15,15,7,12.16666667
RESIDENCIAL,ESTRATO 2,22,15,19,12,10,16,15.66666667
RESIDENCIAL,ESTRATO 2,17,28,32,24,19,19,23.16666667
RESIDENCIAL,ESTRATO 2,25,22,19,20,19,13,19.66666667
RESIDENCIAL,ESTRATO 2,46,16,20,21,16,12,21.83333333
RESIDENCIAL,ESTRATO 2,6,3,10,18,6,24,11.16666667
RESIDENCIAL,ESTRATO 2,20,10,12,34,0,8,14
RESIDENCIAL,ESTRATO 2,8,9,8,21,0,3,8.166666667
RESIDENCIAL,ESTRATO 2,22,15,19,28,17,17,19.66666667
RESIDENCIAL,ESTRATO 2,23,25,29,24,9,14,20.66666667
RESIDENCIAL,ESTRATO 2,18,16,23,35,11,12,19.16666667
RESIDENCIAL,ESTRATO 2,14,15,15,19,10,14,14.5
RESIDENCIAL,ESTRATO 2,10,11,14,16,13,12,12.66666667
RESIDENCIAL,ESTRATO 2,2,4,5,6,2,4,3.833333333
RESIDENCIAL,ESTRATO 2,15,11,12,13,9,8,11.33333333
RESIDENCIAL,ESTRATO 2,10,8,13,15,7,6,9.833333333
RESIDENCIAL,ESTRATO 2,5,8,11,12,9,6,8.5
RESIDENCIAL,ESTRATO 2,19,34,6,10,15,25,18.16666667
RESIDENCIAL,ESTRATO 2,19,12,15,20,16,20,17
RESIDENCIAL,ESTRATO 2,17,12,20,19,10,15,15.5
RESIDENCIAL,ESTRATO 2,16,12,13,21,18,19,16.5
RESIDENCIAL,ESTRATO 2,13,1,4,2,0,0,3.333333333
RESIDENCIAL,ESTRATO 2,29,19,28,43,20,25,27.33333333
RESIDENCIAL,ESTRATO 2,17,13,14,18,15,18,15.83333333
RESIDENCIAL,ESTRATO 1.0,13,12,19,14,12,12,13.66666667
RESIDENCIAL,ESTRATO 1.0,14,8,10,15,9,9,10.83333333
RESIDENCIAL,ESTRATO 1.0,26,21,24,1,64,41,29.5
RESIDENCIAL,ESTRATO 1.0,34,27,34,41,32,41,34.83333333
RESIDENCIAL,ESTRATO 2,14,12,15,15,10,14,13.33333333
RESIDENCIAL,ESTRATO 2,3,5,16,18,17,19,13
RESIDENCIAL,ESTRATO 1.0,11,9,10,18,4,36,14.66666667
RESIDENCIAL,ESTRATO 2,16,15,23,13,11,11,14.83333333
RESIDENCIAL,ESTRATO 1.0,11,10,11,15,11,11,11.5
RESIDENCIAL,ESTRATO 1.0,93,70,94,15,160,117,91.5
RESIDENCIAL,ESTRATO 3,0,0,9,6,6,22,7.166666667
RESIDENCIAL,ESTRATO 2,31,25,32,44,22,35,31.5
RESIDENCIAL,ESTRATO 1.0,0,0,7,0,0,1,1.333333333
RESIDENCIAL,ESTRATO 2,0,9,0,0,0,0,1.5
RESIDENCIAL,ESTRATO 2,13,13,18,15,10,21,15
RESIDENCIAL,ESTRATO 2,11,7,7,8,6,30,11.5
RESIDENCIAL,ESTRATO 2,40,20,38,67,71,36,45.33333333
RESIDENCIAL,ESTRATO 2,28,20,33,42,14,22,26.5
RESIDENCIAL,ESTRATO 2,33,28,39,35,11,38,30.66666667
RESIDENCIAL,ESTRATO 2,4,5,5,8,8,14,7.333333333
RESIDENCIAL,ESTRATO 2,15,8,12,13,10,9,11.16666667
RESIDENCIAL,ESTRATO 2,1,0,1,0,1,1,0.6666666667
RESIDENCIAL,ESTRATO 2,38,31,35,47,36,24,35.16666667
RESIDENCIAL,ESTRATO 2,22,12,17,11,12,15,14.83333333
RESIDENCIAL,ESTRATO 2,14,12,15,17,13,21,15.33333333
RESIDENCIAL,ESTRATO 2,5,18,25,26,23,27,20.66666667
RESIDENCIAL,ESTRATO 2,29,22,28,26,19,21,24.16666667
RESIDENCIAL,ESTRATO 2,17,17,21,35,9,14,18.83333333
RESIDENCIAL,ESTRATO 2,38,5,10,29,15,0,16.16666667
RESIDENCIAL,ESTRATO 2,0,0,0,0,0,0,0
RESIDENCIAL,ESTRATO 2,28,19,7,97,111,96,59.66666667
RESIDENCIAL,ESTRATO 2,24,17,23,26,23,13,21
RESIDENCIAL,ESTRATO 2,11,1,4,29,0,5,8.333333333
RESIDENCIAL,ESTRATO 2,0,0,0,14,12,62,14.66666667
RESIDENCIAL,ESTRATO 1.0,59,58,87,129,80,123,89.33333333
RESIDENCIAL,ESTRATO 2,30,22,27,28,9,13,21.5
RESIDENCIAL,ESTRATO 1.0,18,15,16,22,16,20,17.83333333
RESIDENCIAL,ESTRATO 2,21,11,11,14,9,12,13
RESIDENCIAL,ESTRATO 2,13,7,16,42,24,29,21.83333333
RESIDENCIAL,ESTRATO 1.0,9,6,10,11,13,13,10.33333333
RESIDENCIAL,ESTRATO 2,1,37,11,5,0,20,12.33333333
RESIDENCIAL,ESTRATO 1.0,7,6,5,4,6,6,5.666666667
RESIDENCIAL,ESTRATO 1.0,21,1,17,0,2,0,6.833333333
RESIDENCIAL,ESTRATO 2,8,7,8,21,4,4,8.666666667
RESIDENCIAL,ESTRATO 2,84,0,0,0,0,1,14.16666667
RESIDENCIAL,ESTRATO 1.0,33,25,30,37,23,34,30.33333333
RESIDENCIAL,ESTRATO 2,17,16,17,26,9,17,17
RESIDENCIAL,ESTRATO 2,30,21,18,25,21,23,23
RESIDENCIAL,ESTRATO 1.0,25,16,19,23,14,23,20
RESIDENCIAL,ESTRATO 2,25,15,27,34,26,25,25.33333333
RESIDENCIAL,ESTRATO 2,4,2,4,4,4,3,3.5
RESIDENCIAL,ESTRATO 2,24,23,36,35,20,29,27.83333333
RESIDENCIAL,ESTRATO 2,13,11,12,15,12,22,14.16666667
RESIDENCIAL,ESTRATO 2,3,2,2,1,2,2,2
RESIDENCIAL,ESTRATO 2,12,9,10,12,9,10,10.33333333
RESIDENCIAL,ESTRATO 2,14,11,13,14,11,15,13
RESIDENCIAL,ESTRATO 2,7,15,11,14,11,15,12.16666667
RESIDENCIAL,ESTRATO 1.0,13,10,12,12,7,10,10.66666667
RESIDENCIAL,ESTRATO 1.0,5,5,8,4,6,8,6
RESIDENCIAL,ESTRATO 1.0,8,5,7,8,6,6,6.666666667
RESIDENCIAL,ESTRATO 1.0,13,12,12,19,16,19,15.16666667
RESIDENCIAL,ESTRATO 1.0,21,17,15,23,12,17,17.5
RESIDENCIAL,ESTRATO 1.0,35,29,29,36,28,27,30.66666667
RESIDENCIAL,ESTRATO 1.0,12,10,19,17,12,17,14.5
RESIDENCIAL,ESTRATO 1.0,15,4,2,4,2,6,5.5
RESIDENCIAL,ESTRATO 2,26,20,23,30,22,24,24.16666667
RESIDENCIAL,ESTRATO 1.0,15,3,16,8,17,16,12.5
RESIDENCIAL,ESTRATO 1.0,1,1,0,5,1,3,1.833333333
RESIDENCIAL,ESTRATO 1.0,20,15,24,38,18,27,23.66666667
RESIDENCIAL,ESTRATO 1.0,9,3,3,1,1,1,3
RESIDENCIAL,ESTRATO 2,19,16,14,16,9,12,14.33333333
RESIDENCIAL,ESTRATO 2,13,11,16,17,13,15,14.16666667
RESIDENCIAL,ESTRATO 2,20,18,93,58,300,213,117
RESIDENCIAL,ESTRATO 2,9,7,13,14,5,8,9.333333333
RESIDENCIAL,ESTRATO 2,15,11,13,13,11,16,13.16666667
RESIDENCIAL,ESTRATO 3,0,3,16,20,13,13,10.83333333
RESIDENCIAL,ESTRATO 3,1,1,1,0,1,1,0.8333333333
RESIDENCIAL,ESTRATO 2,42,38,47,51,26,52,42.66666667
RESIDENCIAL,ESTRATO 2,12,8,12,15,12,13,12
RESIDENCIAL,ESTRATO 2,7,5,5,9,8,19,8.833333333
RESIDENCIAL,ESTRATO 2,18,16,20,20,31,16,20.16666667
RESIDENCIAL,ESTRATO 1.0,19,12,15,18,14,15,15.5
RESIDENCIAL,ESTRATO 2,21,27,21,18,25,58,28.33333333
RESIDENCIAL,ESTRATO 2,6,3,5,5,10,12,6.833333333
RESIDENCIAL,ESTRATO 2,32,49,31,86,212,65,79.16666667
RESIDENCIAL,ESTRATO 2,4,1,11,9,11,1,6.166666667
RESIDENCIAL,ESTRATO 2,0,0,1,0,0,0,0.1666666667
RESIDENCIAL,ESTRATO 3,223,180,275,311,124,193,217.6666667
RESIDENCIAL,ESTRATO 2,63,32,38,21,25,19,33
RESIDENCIAL,ESTRATO 2,18,1,18,43,501,126,117.8333333
RESIDENCIAL,ESTRATO 2,12,8,14,22,7,9,12
RESIDENCIAL,ESTRATO 1.0,34,380,236,288,156,252,224.3333333
RESIDENCIAL,ESTRATO 2,30,21,28,32,14,15,23.33333333
RESIDENCIAL,ESTRATO 2,25,25,22,47,22,25,27.66666667
RESIDENCIAL,ESTRATO 2,0,1,17,1,0,1,3.333333333
RESIDENCIAL,ESTRATO 2,20,31,21,70,39,47,38
RESIDENCIAL,ESTRATO 2,21,18,20,28,20,17,20.66666667
RESIDENCIAL,ESTRATO 2,64,22,32,42,22,32,35.66666667
RESIDENCIAL,ESTRATO 2,13,7,15,17,4,24,13.33333333
RESIDENCIAL,ESTRATO 2,26,20,23,1,50,26,24.33333333
RESIDENCIAL,ESTRATO 2,5,4,4,8,0,4,4.166666667
RESIDENCIAL,ESTRATO 2,19,35,30,17,42,0,23.83333333
RESIDENCIAL,ESTRATO 2,1,0,4,8,2,2,2.833333333
RESIDENCIAL,ESTRATO 2,8,7,7,9,7,7,7.5
RESIDENCIAL,ESTRATO 1.0,19,4,12,42,15,26,19.66666667
RESIDENCIAL,ESTRATO 1.0,71,50,63,0,0,0,30.66666667
RESIDENCIAL,ESTRATO 2,20,14,18,23,12,20,17.83333333
RESIDENCIAL,ESTRATO 2,0,0,0,0,0,0,0
RESIDENCIAL,ESTRATO 1,15,10,12,19,14,5,12.5
RESIDENCIAL,ESTRATO 2,6,4,7,8,5,5,5.833333333
RESIDENCIAL,ESTRATO 1.0,9,5,7,12,2,4,6.5
RESIDENCIAL,ESTRATO 2,35,20,9,51,20,55,31.66666667
RESIDENCIAL,ESTRATO 2,2,1,2,4,1,5,2.5
RESIDENCIAL,ESTRATO 1.0,9,7,10,10,8,10,9
RESIDENCIAL,ESTRATO 2,6,7,12,5,10,2,7
RESIDENCIAL,ESTRATO 2,11,9,2,24,7,10,10.5
RESIDENCIAL,ESTRATO 2,1,0,0,0,0,0,0.1666666667
RESIDENCIAL,ESTRATO 2,23,12,16,17,23,26,19.5
RESIDENCIAL,ESTRATO 2,35,21,18,2,6,8,15
RESIDENCIAL,ESTRATO 2,22,14,16,18,11,0,13.5
RESIDENCIAL,ESTRATO 2,10,7,7,11,5,7,7.833333333
RESIDENCIAL,ESTRATO 2,23,12,2,24,9,11,13.5
RESIDENCIAL,ESTRATO 2,13,11,14,17,12,22,14.83333333
RESIDENCIAL,ESTRATO 2,13,8,6,28,8,1,10.66666667
RESIDENCIAL,ESTRATO 2,1,4,12,80,6,4,17.83333333
RESIDENCIAL,ESTRATO 2,8,18,14,0,0,27,11.16666667
RESIDENCIAL,ESTRATO 2,9,9,9,12,15,7,10.16666667
RESIDENCIAL,ESTRATO 2,20,14,15,18,10,13,15
RESIDENCIAL,ESTRATO 2,26,18,26,26,17,30,23.83333333
RESIDENCIAL,ESTRATO 2,0,0,0,0,2,4,1
RESIDENCIAL,ESTRATO 2,17,14,18,18,3,28,16.33333333
RESIDENCIAL,ESTRATO 2,16,12,24,18,13,17,16.66666667
RESIDENCIAL,ESTRATO 2,14,12,13,14,12,14,13.16666667
RESIDENCIAL,ESTRATO 3,1,5,4,8,8,5,5.166666667
RESIDENCIAL,ESTRATO 2,22,24,20,20,1,46,22.16666667
RESIDENCIAL,ESTRATO 2,18,16,15,17,11,9,14.33333333
RESIDENCIAL,ESTRATO 2,17,14,18,9,14,21,15.5
RESIDENCIAL,ESTRATO 1.0,5,4,8,11,3,7,6.333333333
RESIDENCIAL,ESTRATO 2,14,20,9,28,11,16,16.33333333
RESIDENCIAL,ESTRATO 1.0,25,16,26,26,16,13,20.33333333
RESIDENCIAL,ESTRATO 1.0,22,23,40,36,27,29,29.5
RESIDENCIAL,ESTRATO 2,7,23,15,18,6,19,14.66666667
RESIDENCIAL,ESTRATO 2,25,0,0,0,0,0,4.166666667
RESIDENCIAL,ESTRATO 2,69,55,102,32,95,223,96
RESIDENCIAL,ESTRATO 2,4,5,8,4,10,27,9.666666667
RESIDENCIAL,ESTRATO 2,9,6,8,10,7,1,6.833333333
RESIDENCIAL,ESTRATO 2,11,10,14,13,6,7,10.16666667
RESIDENCIAL,ESTRATO 2,12,9,13,16,9,17,12.66666667
RESIDENCIAL,ESTRATO 2,57,42,62,57,37,36,48.5
RESIDENCIAL,ESTRATO 2,43,35,36,37,17,17,30.83333333
RESIDENCIAL,ESTRATO 2,2,9,25,21,17,18,15.33333333
RESIDENCIAL,ESTRATO 2,26,20,27,41,21,24,26.5
RESIDENCIAL,ESTRATO 2,0,3,2,14,7,3,4.833333333
RESIDENCIAL,ESTRATO 2,16,12,15,18,11,2,12.33333333
RESIDENCIAL,ESTRATO 2,27,24,19,24,11,13,19.66666667
RESIDENCIAL,ESTRATO 2,0,0,0,11,0,0,1.833333333
RESIDENCIAL,ESTRATO 2,31,28,42,34,35,8,29.66666667
RESIDENCIAL,ESTRATO 1.0,13,9,21,22,18,19,17
RESIDENCIAL,ESTRATO 1.0,10,6,8,2,16,11,8.833333333
RESIDENCIAL,ESTRATO 1.0,57,3,11,10,10,2,15.5
RESIDENCIAL,ESTRATO 2,14,10,15,18,10,20,14.5
RESIDENCIAL,ESTRATO 2,31,22,38,48,35,43,36.16666667
RESIDENCIAL,ESTRATO 2,16,16,28,33,3,46,23.66666667
RESIDENCIAL,ESTRATO 2,0,64,31,38,30,35,33
RESIDENCIAL,ESTRATO 2,4,2,4,4,2,4,3.333333333
RESIDENCIAL,ESTRATO 2,21,15,23,30,14,53,26
RESIDENCIAL,ESTRATO 2,34,29,34,40,26,41,34
RESIDENCIAL,ESTRATO 2,0,0,0,0,0,0,0
RESIDENCIAL,ESTRATO 3,18,18,18,23,15,9,16.83333333
RESIDENCIAL,ESTRATO 3,18,15,12,18,20,26,18.16666667
RESIDENCIAL,ESTRATO 3,17,13,37,25,16,38,24.33333333
RESIDENCIAL,ESTRATO 3,4,4,5,5,4,5,4.5
RESIDENCIAL,ESTRATO 3,11,1,2,3,4,12,5.5
RESIDENCIAL,ESTRATO 3,10,8,9,11,7,10,9.166666667
RESIDENCIAL,ESTRATO 3,51,44,32,37,28,30,37
RESIDENCIAL,ESTRATO 3,19,15,16,20,15,18,17.16666667
RESIDENCIAL,ESTRATO 3,26,20,24,28,23,27,24.66666667
RESIDENCIAL,ESTRATO 3,18,8,11,12,6,2,9.5
RESIDENCIAL,ESTRATO 3,20,20,0,37,15,20,18.66666667
RESIDENCIAL,ESTRATO 3,3,3,4,4,3,8,4.166666667
RESIDENCIAL,ESTRATO 3,6,39,28,27,17,13,21.66666667
RESIDENCIAL,ESTRATO 3,0,0,0,0,1,0,0.1666666667
RESIDENCIAL,ESTRATO 3,25,18,24,26,17,22,22
RESIDENCIAL,ESTRATO 3,21,18,23,30,18,42,25.33333333
RESIDENCIAL,ESTRATO 3,0,4,2,3,13,8,5
RESIDENCIAL,ESTRATO 3,0,15,29,26,12,6,14.66666667
RESIDENCIAL,ESTRATO 3,1,0,15,9,8,23,9.333333333
RESIDENCIAL,ESTRATO 3,17,14,13,15,12,15,14.33333333
RESIDENCIAL,ESTRATO 2,14,3,9,0,0,16,7
RESIDENCIAL,ESTRATO 3,0,1,1,3,4,0,1.5
RESIDENCIAL,ESTRATO 3,16,1,4,8,5,7,6.833333333
RESIDENCIAL,ESTRATO 3,13,9,10,7,16,13,11.33333333
RESIDENCIAL,ESTRATO 3,26,21,12,33,17,19,21.33333333
RESIDENCIAL,ESTRATO 2,439,317,397,445,282,626,417.6666667
RESIDENCIAL,ESTRATO 3,1,5,2,2,1,3,2.333333333
RESIDENCIAL,ESTRATO 3,23,18,20,26,19,23,21.5
RESIDENCIAL,ESTRATO 3,18,23,29,28,17,24,23.16666667
RESIDENCIAL,ESTRATO 3,3,39,32,16,0,19,18.16666667
RESIDENCIAL,ESTRATO 3,26,19,65,41,3,23,29.5
RESIDENCIAL,ESTRATO 3,10,7,7,10,9,9,8.666666667
RESIDENCIAL,ESTRATO 3,19,12,22,31,14,14,18.66666667
RESIDENCIAL,ESTRATO 3,11,8,10,12,9,11,10.16666667
RESIDENCIAL,ESTRATO 3,33,15,21,21,27,30,24.5
RESIDENCIAL,ESTRATO 3,20,19,19,22,16,20,19.33333333
RESIDENCIAL,ESTRATO 3,20,23,23,19,21,12,19.66666667
RESIDENCIAL,ESTRATO 3,12,7,10,14,9,16,11.33333333
RESIDENCIAL,ESTRATO 3,11,9,11,8,5,10,9
RESIDENCIAL,ESTRATO 2,16,14,15,18,14,15,15.33333333
RESIDENCIAL,ESTRATO 3,19,14,15,12,2,22,14
RESIDENCIAL,ESTRATO 2,20,17,8,16,13,14,14.66666667
RESIDENCIAL,ESTRATO 2,7,6,7,10,6,8,7.333333333
RESIDENCIAL,ESTRATO 2,12,12,11,15,11,8,11.5
RESIDENCIAL,ESTRATO 2,30,21,26,0,55,28,26.66666667
RESIDENCIAL,ESTRATO 2,10,5,3,6,3,1,4.666666667
RESIDENCIAL,ESTRATO 2,12,15,29,21,62,49,31.33333333
RESIDENCIAL,ESTRATO 2,38,38,37,29,34,33,34.83333333
RESIDENCIAL,ESTRATO 2,0,0,0,0,4,4,1.333333333
RESIDENCIAL,ESTRATO 2,1,0,0,1,0,0,0.3333333333
RESIDENCIAL,ESTRATO 2,11,9,7,5,8,7,7.833333333
RESIDENCIAL,ESTRATO 2,19,22,20,14,19,11,17.5
RESIDENCIAL,ESTRATO 2,17,21,15,8,11,10,13.66666667
RESIDENCIAL,ESTRATO 2,0,0,1,1,0,0,0.3333333333
RESIDENCIAL,ESTRATO 2,1,2,10,12,13,16,9
RESIDENCIAL,ESTRATO 2,4,1,1,1,0,0,1.166666667
RESIDENCIAL,ESTRATO 2,7,15,21,15,13,10,13.5
RESIDENCIAL,ESTRATO 2,1,2,9,14,21,9,9.333333333
RESIDENCIAL,ESTRATO 2,8,8,6,8,5,3,6.333333333
RESIDENCIAL,ESTRATO 2,11,15,11,1,1,0,6.5
RESIDENCIAL,ESTRATO 2,3,34,6,0,5,2,8.333333333
RESIDENCIAL,ESTRATO 2,0,0,1,0,0,0,0.1666666667
RESIDENCIAL,ESTRATO 2,1,0,0,0,0,0,0.1666666667
RESIDENCIAL,ESTRATO 2,4,4,3,4,8,6,4.833333333
RESIDENCIAL,ESTRATO 2,12,13,13,14,17,14,13.83333333
RESIDENCIAL,ESTRATO 2,6,6,5,0,2,5,4
RESIDENCIAL,ESTRATO 2,3,1,0,0,1,1,1
RESIDENCIAL,ESTRATO 1,9,9,7,6,9,6,7.666666667
RESIDENCIAL,ESTRATO 2,24,29,24,26,41,38,30.33333333
RESIDENCIAL,ESTRATO 2,20,22,31,59,43,125,50
RESIDENCIAL,ESTRATO 2,16,15,15,29,17,17,18.16666667
RESIDENCIAL,ESTRATO 2,11,63,11,13,19,20,22.83333333
RESIDENCIAL,ESTRATO 2,19,25,26,26,50,54,33.33333333
